ID,ACsubkra,ADminusc,ADsuchla,AHalterg,Ahatomus,Ahdeflex,AHexigum,Ahlatece,AHmingra,AHminuti,AHpyrena,AHreimer,Ahrivula,AMcopula,AMinarie,AMpedcls,ASformos,AUambig,AUsubart,BApardxa,BRbrebsn,CAbacill,CCpedcls,CCplacen,CCplaeug,CCplalin,CEpulch,Cmsubtur,CMtumida,CQmedioc,CYatomus,CYdistin,CYmenegh,DAmesodo,DAmonilf,DAten,DAvulg,DIconfer,DIconten,DTpseuds,DTstelli,ECminutu,ECreicha,ECsilesi,Eolmini,EOminima,EOsubmin,ESlaevis,EUexigua,EUimplic,EUincisa,EUminor,EUnaegel,EUrhombo,FGviresc,FIsapro,FRcapgra,FRcapuci,FRcroton,FRmesole,FRrhabdo,FRsp10ea,FRtenera,FRvauche,FSamphi,FSvulgar,GEaccep,GEdecu,GMgrovei,GO2KCP,GOangstt,GOangust,GOgracil,GOkobaya,GOmicrop,GOminutm,GOolihut,GOolivac,GOpalius,GOparvul,GOpatric,GOpumilu,GOrhombi,HAamphio,HIcapita,KVclevei,KVlatero,KVoblong,LEhungar,MDcircon,MDcircul,MEvarian,MYatomus,MYpermit,NAantoni,NAcaprad,NAcari,NAcatrva,NAcrypto,NAcrytds,NAcryten,NAgermii,NAgregar,NAlancel,NAnambca,NAnotha,NApermnt,NApseven,NAreichd,NArhynch,NAsubmur,NAtenell,NAtripun,NAtrivls,NAveneta,NIacicul,NIacidcn,NIamphib,NIarchib,NIcapite,NIdissip,NIfontic,NIfrustu,NIheufle,NIincons,NIlinear,NIpaldeb,NIpalea,NIpaleac,NIpermin,NIrecta,NIsociab,NIsublin,NItubcla,Nufrezli,NUlapid,PBprotr,PCelgine,PDbrevis,Pdparasi,PLbahlsi,PLconspi,PLhuste,PSambior,PScurtis,PSgridao,PSmargin,PSsubato,PSventra,PTapic,PTfreq,PTlanceo,PTrostr,PTstewa,PZadio,REsinuta,REuniser,ROabbre,RSlinea,RSpusill,SAleptos,SApinnat,Sellatom,Sellsaug,SFpupula,SFseminu,SOexiguf,SRconstr,SRconven,SSkriege,SUampoxy,SUangust,Subreb,Subrekut,SYrumpen,TAfenest,TAfloccu,TAflolin,TAflost4,ULcfulna,UlnaUlna
S14129_2015,,,,,,,,,,0.689542484,,,0.181372549,,,,,,,,,,,0.006535948,,0.029411765,,,,,,,,,,,,,,,,,,0.02124183,0.003267974,,,,,,,,,,,,,0.022875817,0.004901961,,,,,0.006535948,,,,,,,,,,,,,,,,0.006535948,,,,,,,,,,,,0.004901961,,,,,,,,,,,,,,,,,,,,,,,,,,,,,,,,,,,,0.004901961,,,,,,,,,,,,,,,,,,0.001633987,,,,,,,,,,0.009803922,,,,,,,,,,,,,,,0.001633987,,,,,,,,,,0.004901961
S14241_2012,0.007874016,,,,,0.012598425,0.006299213,,0.006299213,0.015748031,,,0.132283465,0.007874016,,,0.001574803,,0.003149606,,,,,0.053543307,,,0.036220472,,,,,0.006299213,0.017322835,,0.003149606,,,,,0.004724409,,0.015748031,,,,0.086614173,0.006299213,,0.001574803,0.004724409,,,0.006299213,,,,,0.011023622,,,0.014173228,,,0.015748031,,0.001574803,0.022047244,0.009448819,,,0.007874016,,,0.001574803,,,,,,0.009448819,,,,0.001574803,0.012598425,,,0.003149606,0.001574803,,0.022047244,0.053543307,0.003149606,,0.004724409,0.004724409,,,0.015748031,,,,0.042519685,0.003149606,,,,,,0.006299213,,,0.001574803,0.003149606,,,,0.009448819,,,,,,,,0.007874016,,0.007874016,,,,,,,,0.007874016,,0.004724409,,,,0.001574803,,,,,,,,0.017322835,0.094488189,0.056692913,,,0.001574803,,,0.009448819,0.003149606,,0.001574803,,,,0.009448819,,,,,,,0.003149606,,0.001574803,,0.001574803,0.001574803,,,0.001574803,
S14241_2016,0.032626427,0.006525285,,,,,0.006525285,,,0.039151713,,,0.066884176,,,0.003262643,0.021207178,,,,,0.004893964,,0.078303426,,,,,,,,,0.008156607,,,,0.001631321,,0.004893964,0.003262643,0.001631321,,,0.001631321,,,,,,,,,,,,,,0.019575856,0.001631321,,,0.006525285,,0.013050571,,0.001631321,,0.003262643,,,,,,0.001631321,0.003262643,0.001631321,,,0.003262643,0.013050571,,,,,,,0.001631321,,0.006525285,0.001631321,,0.026101142,,0.001631321,,,,,0.009787928,,0.001631321,,0.076672104,,,,0.030995106,,,0.003262643,,,,0.001631321,0.001631321,,,,,,0.004893964,,,,0.017944535,0.01141925,,0.016313214,0.001631321,0.004893964,,,,,,,0.019575856,,,,,,,,,,,0.001631321,,0.003262643,0.084828711,0.097879282,0.034257749,,,,,0.006525285,,0.004893964,,0.006525285,0.060358891,0.006525285,0.006525285,,,,0.006525285,0.001631321,,,,,,,0.001631321,,,,0.001631321
S14263_2014,,,,,,,,,,,,,0.08141321,,,,,,,,,,0.016897081,0.052227343,,,,,,,,,,,,,,,,,,,,,,,0.006144393,,,,,,,,,,,,,,,,,,,,,,,,,,,0.00921659,,,,,,,,,,,,,,,,,,,,,,,,,,,,,0.012288786,,,,,,,,,,,,,,,,,,,,,,0.517665131,,,,,,0.001536098,,,,,,,,,,,,,,,,,,,,0.211981567,0.084485407,,,,0.003072197,,0.003072197,,,,,,,,,,,,,,,,,,,,,,,
S14278_2014,,,,,,,,,,0.010819165,,,0.873261206,,,,,,,,,,0.021638331,0.027820711,,0.001545595,,,,,,,,,0.001545595,,,,,,,0.004636785,,0.001545595,,,,,,,,,,,,,,0.013910355,,,,,,0.00309119,,,,,,,,,,,,,,,0.007727975,,,,,,,,,,,,,,,,,,,,,,0.00309119,,,,,,,,,,,,,,,,,,,,,,,,,,,,,,,,,,,,,,,,,,,,,,,,,,,,,,,,,,0.015455951,,,,,,,,,0.001545595,,,,,,,,,,0.001545595,,,
S14290_2013,,,,,,,,,,0.666666667,,,0.03,,,,,,,,0.116666667,,,,,,,,,,,,,,,,,,,,,,,,,,,,,0.038333333,,0.001666667,,,,,,,,,,,,,,,,,0.003333333,,0.01,,0.006666667,,,,,,,,0.095,,,,,,,,,,,,,,,,,,,,,,,,,,,,,,,,,,,,,,,,,,,,,,,,,,,,,,,,,,,,,,,,,,,,,,,,,,,,,,,,,,,,,,,,,,,,,,,,,,0.013333333,,
S14293_2013,0.011666667,,,0.005,,,,0.001666667,,0.05,,,0.253333333,,,0.045,0.016666667,0.005,0.001666667,,,,0.021666667,0.018333333,,,0.001666667,,,,0.011666667,,0.005,,0.035,0.001666667,,,,0.005,0.001666667,,,0.003333333,,0.015,,0.001666667,,,,,,,,,0.038333333,0.038333333,0.051666667,,,,0.003333333,0.003333333,0.003333333,,,0.003333333,,,,,,,,,,,,,,,,,0.001666667,,0.003333333,,,,0.003333333,0.035,,,0.001666667,0.003333333,,,,,0.026666667,,0.045,0.02,,,,,,,,,0.023333333,,,,,,,,0.011666667,0.006666667,,,,,,0.011666667,,,0.008333333,0.021666667,,,,,,,,,,,0.001666667,,,,,0.001666667,,,0.001666667,0.003333333,,,,0.003333333,,0.046666667,0.015,,0.001666667,,,,,0.001666667,,,,,,,,,,,,,,,
S14308_2013,0.006666667,,,0.028333333,,0.003333333,,0.005,,0.19,0.191666667,,0.15,,,0.026666667,,,,,,,0.026666667,0.008333333,,,,,,,,,,0.01,0.008333333,,,,,,,0.008333333,0.015,,,0.015,,,,,,,,,,,,0.006666667,,,,,,,,,0.006666667,,,,0.001666667,,,,,0.003333333,,,,,,,,,,,,,,0.003333333,0.003333333,0.081666667,,,,,,,0.003333333,,0.013333333,,0.018333333,,,,,,,,,,,,,,,,,,0.01,0.001666667,0.006666667,0.001666667,0.016666667,,,0.001666667,,,,0.003333333,,,,,0.003333333,,,,0.003333333,,,0.001666667,,,,,,,0.006666667,,,,,0.02,0.005,0.006666667,,,,0.025,,,,,,,,,,0.003333333,,,,,,,,,
S14317_2012,0.006493506,,,,,0.017857143,0.001623377,,,0.006493506,0.001623377,,0.105519481,,,0.00487013,0.003246753,,,,,,0.237012987,0.188311688,,,,,,,,0.008116883,0.030844156,,,,,,,,,0.037337662,,0.01461039,,0.01461039,0.006493506,,,,,,,,,,,0.016233766,,,,,,0.042207792,,,0.008116883,,,,,,,,,,,,,0.006493506,,,,,,,,,,,,0.003246753,,,0.006493506,,,,,,,,0.01461039,0.001623377,,,,,,,,,0.001623377,,,,,0.01461039,,,,0.012987013,,,0.017857143,0.001623377,,0.011363636,,,,,,,,,,0.00487013,,,,,,,,,,,,,0.001623377,0.008116883,,,,0.066558442,,,,,,,,,0.001623377,,,,,,,,,0.001623377,,,,,,,
S14317_2014,0.026033691,,,,,0.004594181,,,,0.003062787,,,0.272588055,,,,,,,,,,0.015313936,0.068912711,,0.026033691,,,,,,,,,,,,,,,,0.02143951,,,,0.004594181,,,,,,,,,,,,,,,,,,0.009188361,,,,,,,,,,,,,,,,,,,,,,,,,,,,,0.004594181,,0.009188361,,,,,,,,0.036753446,0.006125574,,,,,,,,,,,,,,,,,,,,,0.286370597,,,,,,,,,,,,,,,,,,,,,,,,,,0.004594181,,,,,0.194486983,,,,,,,,,,,,,,,,,,0.003062787,,,,,,,0.003062787
S14317_2015,0.01,,,,,,,,,0.02,,,0.12,,,,,,,,,,,0.07,,0.031666667,,,,,,,,,,,,,,,,0.006666667,,0.013333333,0.005,,,,,,,,,,,0.005,,0.008333333,,,,,,0.01,,,,,,,,,,,,,,0.001666667,,0.005,,,,,,,,,,,0.001666667,,,0.256666667,,,,,,,,0.001666667,0.033333333,0.006666667,,,,,,0.003333333,,,,,,,,,,,,0.016666667,,,0.175,,,0.003333333,,,,,,,,,,,,,,,,,,,,0.003333333,,,0.008333333,,,,,0.161666667,,0.016666667,,,,,,,,,,,,,,,0.003333333,,,,,,,,0.001666667
S14317_2016,0.102106969,,,,,,,,,0.024311183,,,0.095623987,,,,,,,,,,,0.004862237,,,,,,,,,,,,,,,,,,,,0.016207455,0.009724473,,0.003241491,,,,,,,,,,,0.004862237,,,,,,0.001620746,,,,,,,,,,,,,,,,0.001620746,,,,,0.001620746,,,,,,,0.001620746,,0.10534846,,,,,,,,,0.011345219,,,,,,,,,,,,,,,,,,,0.009724473,,,0.387358185,,,0.001620746,0.003241491,,,,,,,,,,,,,,,,,,,,,,0.008103728,,,,,0.106969206,,0.082658023,,,,,0.016207455,,,,,,,,,,,,,,,,,,
S14332_2016,0.031045752,,,,,,0.003267974,,,0.052287582,,,0.099673203,,,,,,,,,0.001633987,,0.031045752,,,,,,,,,,,,,,,,,,0.003267974,,0.047385621,0.003267974,,0.003267974,,,,,,,,,0.006535948,,0.004901961,,,,,,0.011437908,,,,,,,,,,,,,,,,0.004901961,,,,,,,,,,,,0.004901961,,0.142156863,,,,,,,,,0.034313725,0.001633987,,,,,,,,,,,,,,0.003267974,,,0.003267974,0.009803922,,,0.312091503,,,0.001633987,0.001633987,,,,,,,,,,,,,,,,,,,,,,0.003267974,,,,,0.098039216,,0.071895425,,,,,,0.004901961,,,,,,,,,0.003267974,,,,,,,,
S14341_2016,,,,,,0.01910828,0.001592357,,0.238853503,0.48089172,,,0.097133758,,,0.001592357,,,,,,,,,,,,,,,,,,,,,,,,0.00477707,,0.017515924,,0.01433121,0.001592357,,,0.00477707,,,,,,,,,0.003184713,0.003184713,,,,0.003184713,,0.039808917,,,,,,0.00955414,,,,0.003184713,,,,0.00477707,,,,,,,,,,,,,,,,,,,,,,,0.003184713,,0.001592357,0.003184713,0.003184713,,,,,,,,,,,0.003184713,,0.003184713,0.00477707,,0.006369427,0.001592357,,,0.00477707,,,0.006369427,,,,,,,,,,,,,,,,0.003184713,,,,,,,,,,,,0.001592357,,,,,,0.001592357,,,,,,,,,,,,,,,,,,,0.001592357
S14362_2016,,,,,,,0.001615509,,,0.126009693,,,,,0.004846527,0.111470113,,,,,,0.003231018,0.019386107,0.035541195,,,,,,,0.003231018,,0.001615509,,0.003231018,,,0.004846527,,,,,,,,,,,,,,,,,,,,,,,,,,0.001615509,,,,,,,,,,,,,,,,,,,,,,0.003231018,,,,,,0.02907916,,,,,,,,,0.006462036,,0.003231018,,0.004846527,,,,,0.001615509,,,0.024232633,0.001615509,0.003231018,,,0.001615509,,,0.001615509,,0.003231018,,0.158319871,0.001615509,,0.003231018,,,,0.003231018,,,,,,,0.063004847,0.001615509,,0.004846527,,,,,0.004846527,,,,0.009693053,0.006462036,,,,0.011308562,,0.066235864,,,,0.022617124,0.050080775,0.008077544,0.001615509,,,0.134087237,0.035541195,,,,,,,,,,,,0.003231018
S14377_2012,,,,,,0.027027027,,0.001801802,0.001801802,0.16036036,,,0.207207207,,,,0.001801802,,,,,,0.007207207,0.023423423,,,0.009009009,,,,,,0.001801802,,,0.001801802,,,,0.012612613,,,,0.007207207,,0.003603604,,,0.005405405,0.027027027,0.023423423,,0.001801802,,0.001801802,,,0.124324324,,,0.003603604,,0.003603604,0.012612613,,0.003603604,,,0.012612613,,0.012612613,,,,,,,,,0.084684685,,,,0.001801802,,,,0.05045045,,,0.003603604,0.001801802,,,0.001801802,0.001801802,,,0.028828829,,,,0.005405405,,,,,,,,,,,0.001801802,,,,,,,,,,,,0.001801802,,0.009009009,,,,,,,,0.001801802,,,,,,,0.001801802,,,,,,,,,0.010810811,,,,,,,0.005405405,,,,,,0.001801802,,,,,,,,,,,0.014414414,0.010810811,,,0.009009009,
S14385_2016,0.016638935,,,,,,,,0.018302829,0.287853577,,,0.445923461,,,,,,,,,,,0.001663894,,,,,,,,,,,,,,,,,,0.011647255,,0.001663894,,,,,,0.001663894,,,,,,,0.003327787,0.006655574,,,,,,0.074875208,0.001663894,,,,,0.001663894,,,,,,,,,,0.02828619,,,,,,,0.001663894,,,,,,,,,,,,0.001663894,,0.009983361,,0.024958403,,0.014975042,,,,,,,,,,,,,,,,0.003327787,,,,,,,,,0.006655574,,,0.001663894,,,,,,,,,,,,,,,,0.001663894,,,,,,,,,,,,,,,,,,,,,,,,,,,,0.004991681,,,,0.014975042
S14390_2016,0.014754098,,,,,,,,,0.093442623,,,0.052459016,,,,,,,,,,,0.008196721,,,,,,,,,,,,,,,,,,0.029508197,,0.075409836,,,0.091803279,,,,,,,,,0.050819672,,0.008196721,0.009836066,,,,,0.024590164,,,,,,,,,,,,,,,,0.006557377,,,,,,,,,,,,0.054098361,,0.067213115,,,,,,,0.003278689,,0.024590164,0.004918033,0.004918033,,,,,0.001639344,,,,,,,,,,,,0.014754098,,,0.147540984,,,0.013114754,,,,,0.004918033,0.003278689,,,,,,,,,,,,,,,0.001639344,,0.003278689,0.001639344,,,,0.03442623,,0.1,,,,,0.013114754,0.036065574,,,,,,,,,,,,,,,,,
S14392_2012,0.00166113,,,,,0.021594684,,,,0.03986711,,,0.338870432,,,,,,,,,,,0.058139535,,,,,,,,,,,,,,,,,,0.003322259,,,,0.111295681,0.009966777,,,,,,,,,,,,,,,,,0.004983389,,,0.003322259,,,,,,,,,,,,,,,,,,,,,,,,,,0.112956811,,,,,,0.00166113,,,,0.009966777,0.00166113,,,,,,,,,0.00166113,,,,,,,,,0.00166113,,,0.104651163,,,,,,,,,,,,,,,,,,,,,,,,,,0.004983389,,,,,0.164451827,,,,,,,,,,,,,,,,,,,,,,,,,
S14392_2014,0.011217949,,,,,,,,,0.009615385,,,0.336538462,,,,,,,,,,0.009615385,0.032051282,,0.001602564,,,,,,,,,,,,,,,,0.038461538,,,,0.030448718,,,,,,,,,,,,,,,,,,,,,,,,,,,,,,,,,,,,,,,,,,,,,,0.001602564,,,0.003205128,,,,,,,,0.057692308,0.003205128,,,,,,,,,,,,,,0.003205128,,,,,,,0.256410256,,,,,,,,,,,,,,,,,,,,,,,,,,0.041666667,,,,,0.153846154,,0.006410256,0.001602564,,,,,,,,,,,,,,,,,,,,,,
S14392_2015,0.221498371,,,,,,,,,0.016286645,,,0.14495114,,,,,,,,,,,,,0.034201954,,,,,,,,,,,,,,,,0.001628664,,0.003257329,0.043973941,,0.029315961,,,,,,,,,,,0.003257329,,,,,,0.001628664,,,,,,,,,,,,,,0.003257329,,,,,,,,,,,,,,,,0.127035831,,,,,,,0.004885993,,0.008143322,,,,,,,,,,,,,,,0.004885993,,,,,,,0.254071661,,,0.001628664,,,,,,,,,,,,,,,,,,,,0.001628664,,,0.026058632,0.001628664,,,,0.017915309,,0.045602606,,,,,,,,0.003257329,,,,,,,,,,,,,,,
S14392_2016,0.072607261,,,,,,,,,0.04950495,0.00330033,,0.084158416,,,,,,,,,,0.00660066,0.001650165,,,,,,,,,,,,,,,,,,0.001650165,,0.01650165,,,0.066006601,,,,,,,,,0.051155116,,,,,,,,0.00330033,,,,,,,,,,,,,,,,0.001650165,,,,,,,,,,,,,,0.04950495,,,,,,,,,0.01650165,,,,,,,,,,,,,,,0.004950495,,,,0.00660066,,,0.300330033,,,,,,,,,,,,,,0.001650165,,,,,,,,,,,,0.00660066,0.018151815,,,,0.122112211,,0.090759076,,,,,0.014851485,0.00990099,,,,,,,,,,,,,,,,,
S14393_2016,,,,,,,,,,0.006589786,,,0.013179572,,,,,,,,,,,,,,,,,,,,,,,,,,,,,,,0.047775947,,,0.088962109,,,,,,,,,0.205930807,,0.001647446,,,,,,0.006589786,,,,,,,,,,,,0.011532125,,,,0.036243822,,,,,,,,,,,,0.008237232,,0.200988468,,,,,,,,,0.008237232,0.003294893,0.001647446,,,,,,,,,,,,,0.001647446,0.004942339,,,,0.001647446,,0.189456343,,,0.004942339,,,,,,,,,,,,,,,,,,,,,,,0.062602965,0.026359143,,,,0.039538715,,0.006589786,,,,,0.004942339,0.013179572,,,,,,,0.003294893,,,,,,,,,,
S14397_2012,,,,,,0.015037594,,,,0.195488722,,,0.007518797,,,,,,,,,0.015037594,0.052631579,0.157894737,,,,,,,,,0.090225564,,,,,,,,,0.060150376,,,,0.015037594,,,,,,,,,0.007518797,,,0.007518797,,,,,,,,,,,,,0.015037594,,,,,,,,,,,,,,,,,,,,,,,,,,,,,,,,0.030075188,0.030075188,,,,,,,,0.007518797,0.007518797,,,,,,,,,,,,,,,0.052631579,,,,,,,,,,,,,,,,,,,,,,,0.015037594,0.052631579,,,,,0.030075188,0.090225564,,,,,,,,,,,,,,,,0.022556391,,,,,,,
S14404_2015,0.001666667,,0.003333333,,,0.001666667,,,,0.035,,,0.436666667,,,0.003333333,,,,,,,,0.01,,0.02,,,,,,,,,,,,,,,,0.025,,0.003333333,,,,,,,,,,,,,,0.001666667,,,,,,0.001666667,,,,,,,,,,,,,,0.01,,,,,,,,,,,,,,0.003333333,,0.013333333,,,,,0.001666667,,0.005,,0.011666667,0.001666667,,,,,,,,,,,,,,,,,0.006666667,,,,0.091666667,,,,,,,,,,,,,,,,,,,,,,,,,,0.02,,,,,0.288333333,,,,,,,,,,,,,,,0.003333333,,,,,,,,,,
S14410_2012,,,,,,0.018272425,,,,0.714285714,,,0.106312292,,,,,,,,,,,0.004983389,,,,,,,,,,,0.003322259,,,,,,,0.00166113,,0.004983389,,,,,,,,,,,,,,,,,,,,0.031561462,,,,0.049833887,,,,,,,,,,,,0.011627907,,,,,,,,0.00166113,,,,,,,,,,,,,,,,,,,,,,,,,,,,,,,,,,,,,,,,,,,,,,,,,,,,,,,,,,,,,,,,,,,,,,0.011627907,,0.03654485,,,,,,,,,,,,,,,,,,,,,
S14410_2013,0.006666667,,,0.14,,,,,,0.093333333,0.003333333,,0.516666667,,,,,,,,,,,0.051666667,,,,0.003333333,,,,,,,,0.001666667,,,,,,0.001666667,,0.008333333,,,,,,,0.003333333,,,,,,0.006666667,0.041666667,0.003333333,,,,,0.013333333,,,,,,0.015,0.013333333,,,,,0.003333333,,,,,,,,,,,,,,,,0.003333333,,,,,,,,,0.006666667,,0.001666667,,,,,0.008333333,,,0.001666667,,,,,,0.003333333,0.003333333,,,,,0.003333333,,0.001666667,,,,,,0.006666667,,,,,,,,,,,,,,,,,,,,,,,,,0.006666667,,0.013333333,,,,0.001666667,,,,,,,,,,,,,,,,,,,0.003333333
S14410_2014,,,,0.003076923,,,,,,0.084615385,0.001538462,,0.627692308,,,,,,,0.001538462,,,0.016923077,0.029230769,,0.001538462,,,,,,,0.001538462,,0.021538462,,,0.001538462,,,,0.030769231,,,,,,0.001538462,,,,,,,,,,0.046153846,,,,,,0.02,,,,,,,,,,,,,,,,0.036923077,,,,,0.004615385,,,,,,,,,,0.003076923,,,,,,0.003076923,,0.003076923,,,,,,,0.006153846,,,,,,,0.001538462,0.004615385,,,,,,,,,,0.003076923,,,,,,0.001538462,,,,,,,,,,,,,,,,,0.006153846,,,,,,,,,,,,,,,,,,0.003076923,,,,,,0.007692308,,0.001538462,,,,0.004615385
S14410_2015,0.001650165,,,,,,,,,0.305280528,,,0.127062706,,,,,,,,,,,0.004950495,,0.014851485,0.001650165,,,,,,,,0.034653465,,,,,,,,,0.037953795,,,,,,,0.001650165,,,,,,,0.092409241,0.008250825,,,,,0.00990099,,,,,,,,,,,,,,,,0.01650165,,,0.254125413,,,,,,,,0.00330033,,,0.00330033,,,,,0.00660066,,0.00330033,0.001650165,0.001650165,,,,,,,,,,,,,,,0.00330033,,,0.00330033,,,,,,,0.001650165,,,,,,,,,,,,,,,,,,,,,,,,,,,,,,,,,,,,,,,,,0.001650165,,,,,,0.011551155,,,,,,0.03630363
S14410_2016,0.003327787,,0.013311148,,,,,,0.001663894,0.22296173,,,0.28452579,,,,,,,,,,,0.006655574,,,,0.001663894,,,,,0.003327787,,0.001663894,,,,,,,0.008319468,,0.016638935,,,,0.003327787,,,,,,,,,0.003327787,0.001663894,,,,,,0.004991681,,,,,,0.016638935,,,,0.003327787,,,,,,0.006655574,,,,,,,,,,,,0.001663894,,,,,,,,,0.001663894,,,,,,,,,0.001663894,,,,,,,,,0.003327787,,,,,,0.003327787,,,0.001663894,,,,,,,,,,,,,,,,,,,,,,,,,,,,,,,,,,,0.011647255,0.001663894,,,,,,,,,,,,,,,,,0.001663894
S14413_2012,0.001071811,,,,,0.008574491,0.001071811,,,0.124330118,,,0.036441586,,,0.034297964,,,,,,0.008574491,0.132904609,0.066452304,,,,,,,,,0.062165059,,,0.001071811,,,,,,0.028938907,,0.001071811,,0.062165059,,,,,,,,,,,,0.001071811,,,0.003215434,,,,,,0.004287245,0.001071811,,,,,,0.003215434,,,,,,0.008574491,,,,,,,0.001071811,,,,0.001071811,0.021436227,0.001071811,,0.004287245,,0.001071811,,0.002143623,,,,0.017148982,0.030010718,,,,,,0.004287245,,0.004287245,0.027867095,0.004287245,,,,0.001071811,,,0.004287245,0.002143623,,,0.006430868,0.010718114,,0.060021436,,,,,,,,,,0.001071811,,,,0.008574491,,,,,,,,,0.055734191,0.005359057,,,,0.019292605,,0.08681672,,,,,,,,,,,,,,0.003215434,,0.009646302,,,,,,,
S14413_2013,0.006666667,,,0.006666667,,,,,,0.03,0.033333333,,0.131666667,,,0.015,,,,,,,0.003333333,0.016666667,,,,,,,,,,,,,,,,,,0.005,,0.003333333,,0.023333333,,,,,,,,,,,0.005,,,,,,,,,,,,,,0.005,,,,,,0.036666667,0.025,,0.003333333,,,,,,,,,,,0.003333333,0.003333333,,,0.01,,,,,,0.008333333,,0.031666667,,,,,,,,,,,,,,,,,,0.005,,0.023333333,0.001666667,0.153333333,,,,,,,,,,,,,,,,,,,,,,,,,,0.045,0.021666667,,,,0.073333333,,0.208333333,,,,0.003333333,,,,,,,,,,,,,,,,,,,
S14413_2014,0.004021448,,,,,,,,,0.009383378,,,0.155495979,,,0.006702413,,,,,,0.001340483,0.001340483,0.004021448,,,,,,,,,,,0.00536193,,,,,,,,,,,0.008042895,,,,,,,,,,,,,,,,,,,,,,,,,,,,0.002680965,,,,,0.020107239,,,,,,,,,,,,,,,,0.080428954,,,,,,,,0.170241287,0.022788204,,,,,,,,,,,,,,0.001340483,,,0.016085791,,,,0.260053619,,,,,,,,,,,,,,,,,,,,0.001340483,,,,,,0.032171582,,,,,0.101876676,,0.089812332,0.001340483,,,,,,,,,,,,,,,,,,,,,,
S14413_2015,0.02828619,,,,,,,,,0.046589018,,,0.171381032,,,0.03327787,,,,,,0.004991681,0.003327787,0.001663894,,0.016638935,,,,,,,,,,,,,,,,,,0.004991681,0.026622296,,,,,,,,,,,,,0.008319468,,,,,,0.001663894,,,0.014975042,,,,,,,,,,,0.031613977,,0.004991681,,,,,0.001663894,,,,,,0.001663894,0.021630616,,0.009983361,,,,,0.003327787,,0.019966722,0.003327787,0.058236273,0.026622296,,,0.008319468,,,,,,0.011647255,,,0.001663894,,,,,0.003327787,,,,0.139767055,,,0.006655574,0.003327787,,,,,0.008319468,,,,,0.008319468,,,0.02828619,,,,0.003327787,,,,,0.044925125,0.016638935,,,,0.051580699,,0.053244592,,,0.001663894,0.001663894,,,,0.024958403,,,,,,,,,,,,,,,
S14413_2016,0.027419355,,,,,,,,,0.091935484,,,0.125806452,,,0.020967742,,,,,,,0.008064516,0.009677419,,,,,,,,,,,,,,,,,,,,,,,,,,,,,,,,,,0.003225806,,,,,,,,,,,,,,,,,,0.006451613,,0.020967742,,0.008064516,,,,,0.001612903,,,,,,,0.003225806,,0.001612903,,,,,,0.030645161,0.00483871,,0.012903226,0.00483871,,,,,,,,,,,,,,,,,0.009677419,,0.003225806,,0.287096774,0.001612903,,,,,,,,,,,0.003225806,,,,,0.003225806,0.001612903,,,,,,,,0.088709677,0.001612903,,,,0.125806452,,0.070967742,,,,,0.016129032,,,,,,,,,,,,,,,,,,
S14414_2012,0.141924959,,,,,0.009787928,0.001631321,,,0.001631321,,,0.060358891,,,0.013050571,0.006525285,,,,,,0.001631321,0.102773246,,,,,,,,,,,,,,,,,,0.006525285,,,,0.044045677,,,,,,,,,,,,0.006525285,,,,,,0.003262643,,,0.001631321,,,,,,,,,,,,,0.001631321,,,,,0.003262643,,,,,,,0.009787928,0.001631321,,0.009787928,,,,,,,,0.01141925,0.017944535,,,,,,,,0.008156607,0.024469821,,,,,0.009787928,,,0.004893964,0.013050571,,,0.109298532,0.003262643,,0.001631321,,,,,,,,,,,,,,0.013050571,,,,,,,,,0.008156607,0.003262643,,,,0.026101142,,0.298531811,,,,,,,0.003262643,,,,,,,,,,,,,,,,
S14414_2013,0.015,,,,,,,,,,,,0.045,,,0.006666667,,,,,,,,0.008333333,,,,,,,,,,,,,0.003333333,,,0.001666667,,,,,,0.06,0.01,,,,,,,,,,,,,,,,,,,,0.001666667,,,,0.031666667,,,,,,,,,,,,,,,,,,,,,0.025,0.01,,0.02,,,,,,,,0.01,,,,,,0.01,,,,,,,,,,,,0.01,,0.016666667,,0.441666667,,,,,,,,,,,,,,,,,,,,0.025,,,,,,0.096666667,,,,,0.031666667,,0.106666667,,,,0.006666667,,,,,,,,,,,,,,,,,,,
S14414_2014,,,,,,,,,,0.012195122,,,0.021341463,,,0.004573171,,,,,,0.00152439,0.00152439,,,,,,,,,,,,,,0.006097561,,,,,0.006097561,,,,0.024390244,0.00304878,,,,,,,,,,,,,,,,,,,,,,,,,,,0.00304878,,,,,0.012195122,,,,,,,,,,,,0.00152439,,0.00304878,,0.092987805,,,,,,,0.00152439,0.0625,0.080792683,,,,,,,,,,,,,,0.080792683,,,0.012195122,,,,0.300304878,,,0.013719512,,,,,,,,,,,,,,,,,,,,,,,0.030487805,0.00152439,,,,0.06097561,,0.147865854,,,,,,,,,,,,,,,,,,,,,,,
S14414_2015,0.065897858,,,,,,,,,0.02800659,0.003294893,,0.026359143,,,0.019769357,,,,,,0.009884679,0.004942339,0.003294893,,0.019769357,,,,,,,,,0.003294893,,,,,,,,,0.018121911,0.001647446,,0.001647446,,,,,,,,,,,0.02800659,0.003294893,,,,,0.011532125,,,0.003294893,,,,,,,0.004942339,,,,,,0.011532125,,,,,,,,,,,,0.037891269,,0.003294893,,,,,,0.042833608,0.046128501,,0.041186161,0.064250412,,,0.001647446,,,,0.011532125,,0.001647446,,,0.001647446,,0.013179572,0.003294893,,,0.003294893,,0.003294893,0.225700165,,,,,,,,0.001647446,,,,0.001647446,,,0.001647446,,0.003294893,,,,,,0.003294893,,,0.02800659,0.003294893,,,,0.092257002,,0.084019769,,,,,,,,,,,,,,,,,,,,,,,
S14414_2016,0.088509317,,,,,,,,,0.013975155,,,0.013975155,,0.001552795,0.01863354,,,,,,,,0.00310559,,,,,,,,,,,,,0.001552795,,,,,,,0.013975155,0.001552795,,0.013975155,,,,,,,,,,,,,,,,,,,,,,,,,,0.001552795,0.017080745,,,,,,0.02484472,,,,,,,,,,,,0.004658385,,0.00621118,0.004658385,,,,,0.069875776,0.032608696,,0.023291925,0.00310559,0.004658385,,,,0.00310559,,,,,,,,,0.048136646,,,0.00310559,0.00621118,,,0.341614907,,,0.001552795,0.001552795,0.001552795,,,,,,,,,,,,0.00310559,,,,,,,,,0.027950311,0.001552795,,,,0.086956522,,0.077639752,,,,,0.029503106,,,,0.00310559,,,,,,,,,,,,,,
S14436_2012,0.006568144,,,,,0.026272578,,,0.001642036,0.008210181,,,0.651888342,0.003284072,,0.004926108,,,,,,,0.078817734,0.027914614,,,,,,,,,0.004926108,,,,,,,,,0.008210181,,,,,,,,,,,,,,,,0.004926108,,,0.008210181,,,0.006568144,,,,,,,,,,0.001642036,,,,,,,,,,,0.004926108,,,,,,,0.019704433,0.001642036,,0.001642036,,,,0.006568144,,,,0.016420361,,,,,,,,,,,,,,,0.008210181,,,,0.003284072,,,0.003284072,,,0.001642036,,,,,,,,,,,,,,,,,,,,,,,0.003284072,0.009852217,,,,,0.05090312,0.009852217,,,,,,,,,,,,,,,,,,,,,,0.008210181,
S14441_2012,,,,,,0.01461039,,,,0.173701299,,,0.433441558,,,,,,,,,,,0.037337662,,,,,0.006493506,,,,,,,0.006493506,,,,,,,,0.011363636,,,,,0.003246753,,,,,,,,,,,,0.001623377,,0.043831169,0.142857143,,,,,,,,,,,,,,,,0.00487013,,,,,,,,,,,,0.008116883,,,0.001623377,,,,0.00974026,,,,0.001623377,,,,,,,,,,,0.029220779,,,,,,,,,,,,,,0.011363636,,,,,,,,,,,,,,,,,,,,,,,,,,,,,,,0.050324675,,,,,,,,,,,,,,,,,,0.003246753,,,0.00487013,
S14441_2013,0.01,,,0.013333333,0.003333333,0.241666667,,,,0.098333333,,,0.488333333,,,,,,,,,,,0.005,,,0.001666667,,,,,,,,,,,,,,,,,0.005,,,,,,,,,,,,,,0.046666667,0.011666667,,,,0.011666667,,,,,,,,,,0.003333333,,,,,,,0.023333333,,,,,,,,,,,,0.018333333,,,,,,,,,0.003333333,,,,,,,,,,,,,,,,,,,,,,0.01,,,,,,,0.001666667,,,,,,,,,,,,,,,,,,,,,,,,,,,,,,,,,,,,,,,,,,,,,,,,,,,0.003333333
S14441_2014,,,,0.002928258,,,,,,0.017569546,,,0.93704246,,,,,,,,,,,0.017569546,,0.001464129,,,,,,,,,,,,,,,,,,,,,,0.002928258,,,,,,,,,,,,,,,,,,,,,,,,,,,,,,,,,,,,,,,,,,,,,,,0.002928258,,,,,,,,,,,,,,,,,,,,,,0.005856515,,,,,,0.002928258,,,,,,,0.001464129,,,,0.001464129,,,,,,,,,,,,,,,,,,,,,,0.002928258,,,,,,,,,,,,,,,,,,,,,,,,,
S14441_2015,,,,,,,,,,0.283387622,,,0.517915309,,,,,0.001628664,,,,,,,,0.01465798,,,0.001628664,,,,,,,,,,,,,0.016286645,,0.011400651,,,,,,,,,,,,,,0.001628664,0.01465798,,,,,0.01465798,,0.001628664,,,,,,,,0.003257329,,0.006514658,,,,0.013029316,,,,,,,,,,,,0.004885993,,,,,,,0.001628664,,0.003257329,,0.001628664,,,,,,,,,,,,,,,,,,0.001628664,,,,,,,0.006514658,0.003257329,,,,,,,,,,,,,,,,,0.001628664,,,,,,,,,,,,,,,,,,,,,,,,,,,,,0.066775244,,,,,,
S14441_2016,0.00660066,,,,,,,0.00330033,0.001650165,0.46039604,,,0.399339934,,,,,,,,,,,0.00330033,,,,,,,,,,,,,,,,,,,,0.008250825,,,,,,,,,,,,,0.001650165,0.014851485,,,,0.001650165,,0.03630363,,,,,,,,,,,,,,,0.00330033,0.034653465,,,,,,,,,,,,0.001650165,,,,,,,,,0.00330033,,,,,,,,,,,,,,,,,,,,,,,,,,,,,,,,,,,,,,,,,,,,,,,,,,0.008250825,,,,,,,,,0.00330033,,,,,,,,,,,0.001650165,,,,,,0.00330033,,,,
S14442_2012,,,,,,0.02124183,,,0.019607843,0.568627451,,,0.199346405,,,,,,,,,,0.004901961,,,,,,0.034313725,,,,,,,0.001633987,,,,,,0.013071895,,,,,,,,,,,,,,,,,,,0.017973856,,,0.094771242,,,,,0.003267974,,,,,,,,,,,0.006535948,,,,,,,,,,,,0.003267974,,,,,,,,,,,,,,0.001633987,,,,,,,,0.001633987,,,,,,,,,,,,,,,,,,,,,,,,,,,,,,,,,,,,,,,,,,,,,0.004901961,0.001633987,,,,,,,,,,,,,,,,,,,,,
S14442_2014,,,,,,0.001410437,,,,0.162200282,,,0.736248237,,,,,,,,,,0.074753173,0.007052186,,0.002820874,,,,,,,,,,,,,,,,,,0.002820874,,,,0.002820874,,,,,,,,,,,,,,,,0.005641749,,,,,,,,,,,,,,,,0.001410437,,,,,,,,,,,,,,,,,,,,,0.002820874,,,,,,,,,,,,,,,,,,,,,,,,,,,,,,,,,,,,,,,,,,,,,,,,,,,,,,,,,,,,,,,,,,,,,,,,,,,,,,,,
S14442_2015,,,,,,,,,,0.393333333,,,0.326666667,,,,,,,,,,,,,0.243333333,,,,,,,,,,,,,,,,,,,,,,0.001666667,,,,,,,,,,0.001666667,,,,,,0.016666667,,,,,,,,,,,,,,,,0.003333333,,,,,,,,,,,,,,,,,,,,,,,,,,,,,,,0.001666667,,,,,,,,,,,,,,,,,,,,,,,,,,,,,,,,,,,,,,,,,,,,,,,,,,,,,,,,,,,,,,,,,,,,,,0.005
S14444_2013,0.003333333,,,,,,,,,0.043333333,0.35,,0.421666667,,,0.015,,,,,,,0.003333333,0.048333333,,,,,,,,,,,0.001666667,0.003333333,,,,,,,0.003333333,,,0.005,,0.003333333,,,,,,,,,,,,,,,0.006666667,0.001666667,,,0.003333333,,,,,,,,,,0.001666667,,,,,,,,,,,,,,,,,,,,,,0.006666667,,,,,,,,,,,,,,,,,,,,,,0.005,,,,0.008333333,,,,,,,,,,,,,,,,,,,,,,,,,,0.001666667,,,,,0.018333333,0.001666667,0.03,,,,0.005,,,,,,,,,,,,,,,,,,,
S14444_2014,,,,,,0.001655629,,,,0.001655629,0.374172185,,0.246688742,,,0.021523179,,,,,,,0.107615894,0.079470199,0.069536424,0.006622517,,,,,,,0.001655629,,,0.001655629,,,,,,0.001655629,,,,0.001655629,,,,,,,,,,,,,,,,,,0.009933775,,,,,,,,,,,,,,,,,,,,,,,,,,,,0.003311258,,,0.009933775,,,,,,0.004966887,,0.013245033,,,,,,,,,,0.011589404,,,,,,,,0.003311258,0.003311258,,,0.006622517,,,,,,,,,,,,,,,,,,,,,,,,,,,,,,,0.008278146,,0.001655629,,,,0.004966887,,,,,,,,,,,,,0.003311258,,,,,,
S14444_2015,0.00661157,,,,,,,,,0.110743802,0.042975207,,0.608264463,,,0.01322314,,,,,,,0.001652893,,,0.039669421,,,,,,,,,0.003305785,,0.001652893,,,,,,,0.001652893,0.036363636,,,,,,,,,,,,,0.001652893,,,,,,0.001652893,,,,,,,,,,,,,,,,0.003305785,,,,,,,,,,,,,,,,,,0.001652893,0.003305785,0.008264463,0.021487603,,,,,,,,,,,,0.003305785,,,,,0.003305785,,,0.009917355,0.036363636,,,0.00661157,,,,,,,,,,,,,,,,,,,,,,,,,,0.004958678,,,,,0.004958678,,0.00661157,,,,,,,,,,,0.001652893,,,,,,0.001652893,,,,,,
S14444_2016,,,,,,,,,0.00331675,0.132669983,0.330016584,,0.233830846,,0.004975124,0.004975124,,,,,,,0.016583748,0.074626866,,,,,,,,,,,0.00331675,,0.00331675,,,,,,,0.008291874,,,,,,,,,,,,,,0.00331675,,,,,,,0.00331675,,,,,,,,,,,0.00331675,,,,0.00331675,,,,,,0.001658375,,,,0.001658375,,0.016583748,,,,,,,0.00331675,0.001658375,0.023217247,,0.001658375,,0.004975124,,,,0.001658375,,,,0.028192371,,,,,0.00331675,,,0.011608624,,,,,,,,,,,0.004975124,,,,,,,,,,,,,,,,,,,,0.00331675,0.001658375,,,0.03814262,0.004975124,0.006633499,,,,0.00331675,,0.00331675,,,,,0.001658375,,,,,,,,,,,,
S14450_2012,,,,,,0.725961538,,,,,,,0.163461538,,,,,,,,,,,0.001602564,,,,,,,,,0.006410256,,,,,,,,,0.003205128,,0.014423077,,,,,,,,,,,,,,,,,,,,,,,,,0.004807692,,,,,,,,,,,0.006410256,,,,,,,,,,,,,,,,,,,,,,,,,,,,,,,,,,,,,,,,,,0.043269231,,,0.003205128,,,0.003205128,,,,,,,,,,,,,,,,,,,,,,,0.001602564,,,,,,,0.003205128,,,,,,,,,,,,,,,,,,,,,,,
S14450_2014,0.004958678,,,,,0.626446281,,,,,0.004958678,,0.229752066,,,0.008264463,,,,,,0.004958678,0.004958678,0.009917355,0.00661157,,,,,,,,,,,,,,,,,0.026446281,,,,,,,,,,,,,,,,,,,,,,0.001652893,,,,,,,,,,,,,,,,,,,,,,0.00661157,,,,,,,,,0.003305785,,,,0.009917355,,,,,,,,,,,,,,,,,,,,,,0.004958678,0.01322314,,,,,,,,,,,,,,,,,,,,,,,,,,,,0.001652893,0.004958678,,,,,0.009917355,,0.00661157,,,,,,,,,,,,,,,,,,,,,,,
S14450_2015,0.001666667,,,,,0.001666667,,,,0.081666667,0.753333333,,0.04,,,0.001666667,,,,,,,,0.001666667,,,,,,,,,,,0.003333333,0.001666667,,,,,,,,0.04,,,,,,,,,,,,,,,,,,,,0.003333333,,,,,,,,,,,,,,,,,,,,,,,,,,,,,,,,,,,,,,,0.005,,,,,,,,,,,,,,,,,,0.006666667,,,,0.016666667,,,,,,,,,,,,,,,,,,,,,,,,,,,,,,,0.035,,0.003333333,,,,,,,,,,,,,,,,,0.001666667,,,,,,
S14450_2016,,,,,,0.0256,0.0032,,,0.376,0.2448,,0.0656,,,,,,,,,,,0.0096,,,,0.0032,,,,,,,0.0064,,0.0112,,,,,0.0032,,0.0032,,,,,,,,,,,,,,0.0256,,,,0.0064,,0.0112,,,0.0032,,,,,,,0.0096,0.0032,0.0208,,,,0.0032,,,,,,,,,,,,0.0016,,,,0.0016,,,,0.0048,0.0016,,0.0032,,,,,,0.0032,,0.0016,,,,,,,,0.0064,,0.0016,0.0112,,,0.0272,,,0.0048,0.0128,,,,0.0032,,,,,,,,,0.0016,,,,,,,,,0.0016,,,,,0.0032,,0.0112,,,,0.0064,0.008,,0.0032,,,,0.04,,,,,,,,,,,,
S14458_2014,0.021069692,,,,,0.001620746,,,,0.004862237,,,,,,0.392220421,,,,,,0.008103728,0.003241491,,,,,,,,,,,,0.003241491,,,,,,,,,,,0.181523501,,,,,,,,,,,,,,0.003241491,,,,,,,,,,,,,,,,,,,,,,,,,,,,,,,,,,,0.016207455,,,,,,,,0.004862237,0.012965964,,,,0.001620746,,,0.035656402,,0.01458671,,,,,0.006482982,,,0.004862237,,0.009724473,,0.04376013,,0.008103728,0.003241491,,,,,,,,,,,,0.003241491,,,,,0.016207455,,,,,,0.040518639,,,,,,,0.13452188,,,,,,,,0.016207455,,,,,,,,,,,,,,,
S14458_2015,0.078303426,,,,,,0.001631321,,,0.027732463,,,,,,0.159869494,,,,,,0.006525285,,,,0.001631321,,,,,,,,,0.001631321,,,,,,,,,,0.247960848,,,,,,,,,,,,,,,,,,,0.003262643,,,,,,,,,,0.042414356,,,,,,,,,,,,,,,,,,,,0.013050571,0.01141925,,,,,,0.037520392,0.001631321,0.021207178,0.006525285,,,0.004893964,,,,,,0.024469821,,0.001631321,,,0.006525285,,,0.013050571,0.003262643,,,0.016313214,,,0.008156607,,,,,,,,,,,,,,0.009787928,,,,,,,,,0.003262643,,,,,,,0.231647635,,,,,,,,0.009787928,,,,,,,,,,,,,,,
S14458_2016,0.084158416,0.004950495,,,,,,,,0.03960396,,,,,,0.438943894,,,,,,0.02970297,0.00330033,,,,,,,,,,,,0.00330033,,0.001650165,,,,,,,0.00660066,,,0.001650165,,,,,,,,,,,0.001650165,,,,,,,,0.001650165,,,,,,,,0.008250825,,,,,,0.00990099,,,,,,,,,,,,,,0.001650165,0.02640264,,,,,,0.028052805,,0.001650165,0.01320132,,,0.001650165,,0.001650165,,,,0.021452145,,,,,0.004950495,0.00330033,,0.004950495,,,,0.024752475,,,0.001650165,,,,,,0.00330033,,,0.001650165,,,,,0.011551155,,,,,,,,,0.00660066,,,,,0.004950495,,0.094059406,,,,0.001650165,0.011551155,0.082508251,,,,,,,,,,,,,,,,,
S14462_2016,,,,,,,,,,0.491694352,0.03986711,,0.008305648,0.00166113,,0.029900332,,,,,,,0.03820598,0.031561462,,,,,,,,,0.004983389,,0.00166113,,0.006644518,,,,,,,0.026578073,,,,,,,,,,,,,,0.003322259,,,,0.00166113,,0.00166113,,,,0.004983389,,,0.003322259,,,,,0.058139535,,,,0.003322259,,,,0.003322259,,,0.00166113,,,,0.003322259,0.013289037,,,0.004983389,,,,0.004983389,0.014950166,0.011627907,,0.018272425,0.00166113,,,0.03986711,,0.004983389,,,,0.013289037,,,,,0.00166113,0.008305648,,0.003322259,0.006644518,,,0.009966777,,,0.00166113,,,,,,,,,,,,,,,,,,,,,,,0.00166113,,,,,0.004983389,,0.046511628,,,,,0.00166113,,,,,0.006644518,,,,0.003322259,,,,,,,,,
S14470_2012,0.00255102,,,,,0.010204082,0.00255102,0.007653061,,0.056122449,,,0.227040816,0.00255102,,0.005102041,,,,,,,0.00255102,0.505102041,,,,,,,,,,,,,,,,,,0.005102041,,,,0.010204082,,,,,,,,,,,,0.017857143,,,,,,0.012755102,,,,,,,,,,,,,,,,0.00255102,,,,,,,,,,,,0.007653061,,,0.022959184,,,,,,,,0.012755102,0.017857143,,,,,,,,,,,,,,,,,,,,,,0.005102041,,,,,,,,,,,,,,,,0.012755102,,,,,,,,,0.017857143,,,,,0.020408163,,,,,,,,,,,,,,,,,,,,,,,,,
S14473_2013,,,,0.056666667,,,,0.001666667,,0.021666667,0.048333333,,0.776666667,,,,,,,,,,,0.028333333,,,,,,,,,,,,,,,,,,,,,,,,,,,,,,,,,,,0.01,,,,,,,,,,,,,,,,,,0.023333333,,,,,,,,,,,,,,0.001666667,,,,,,,,0.003333333,,,,,,,,,,,,,,,,,,,,,,,,,,,,,,,,,,,,,,,,,,,,,,,,,,,,,,,,,0.02,,0.001666667,,,,0.003333333,,,,,,,,,,,,,,,0.001666667,,,,0.001666667
S14523_2015,,,0.00166113,,,,,,,0.215946844,0.533222591,,0.016611296,,,0.054817276,,,,,,,,,,0.03654485,,,,,,,,,,,,,,,,,,0.003322259,0.006644518,,,,,,,0.004983389,,,,,,,,,,,,,,,,,,,,,,,,0.006644518,,0.043189369,,,,,,,,,,,,,,,,,,,,,,,0.003322259,,0.00166113,,,,,,,,,,,,,,,,,,,,,,,,,,,,,,,,,,,,,,,,,,,,,,,,0.019933555,,,,,0.049833887,,,,,,,,,,,,,,,,,,,,,,,,,
S14553_2013,0.015,,,,0.006666667,,,,,0.068333333,0.001666667,,,,,0.298333333,,,,0.001666667,,0.003333333,0.001666667,0.01,,,,,,,0.003333333,,,,,,,,,,,,,,,0.045,,,,,,,,,,,,0.006666667,,,,,,0.01,,0.003333333,0.005,,,,,,,,,0.003333333,,,,,,0.001666667,,,,0.001666667,0.001666667,,,,,0.003333333,,,0.015,,,0.003333333,,,0.02,,0.018333333,0.01,,,,,0.006666667,,,,0.063333333,,,,0.001666667,,,,0.023333333,,,,0.111666667,,,,,,,,,,,,,,,,0.043333333,,,,,,,0.031666667,,,0.013333333,0.003333333,,,,0.04,0.008333333,0.013333333,,,,0.08,,,,,,,,,,,,,,,,,,,
S14555_2016,0.013266998,0.001658375,,,,,,,,0.316749585,0.024875622,,0.053067993,,0.00331675,0.072968491,,,,,,,0.019900498,0.044776119,,,,,,,,,0.013266998,,0.006633499,,,,,0.001658375,,0.004975124,,0.011608624,,,,,,,,,,,,,,,,,,,,0.001658375,,,,,,,,,,,,0.009950249,,,,,,,,,,0.001658375,0.001658375,,,,0.001658375,0.031509121,,0.001658375,0.00331675,,,,,0.016583748,0.028192371,,0.021558872,0.011608624,,,0.001658375,,0.013266998,0.00331675,,,0.011608624,,,,,0.016583748,0.004975124,,0.004975124,0.013266998,,,,,,0.00331675,0.001658375,,0.001658375,,,,,,0.006633499,,,,,0.014925373,,,,,,,,,0.019900498,0.001658375,,,,0.023217247,,0.046434494,,,,,0.024875622,0.004975124,,,,,0.001658375,,,,,,,,,,,,
S14581_2014,0.166407465,,,,,0.00466563,,,,0.138413686,,,0.351477449,,,,,,,,,,,0.227060653,0.029548989,,,,,,,,,,,,,,,,,,,,,0.00155521,,,,,,0.00933126,,,,,,0.00777605,,,,,,0.00933126,,,,,,,,,,,,,,,0.024883359,0.00155521,,,,,,,,,,,,,,,,,,,0.00311042,,,,,,,,,,,,,,,0.00311042,,,0.00311042,,,,0.00155521,,0.00155521,,,,0.00311042,,,0.00155521,,,,,,,,,0.00777605,,,,,,,,,,,,,,,,,,,0.00155521,,,,,,,,,,,,,,,,,,,,,,,
S14669_2012,0.004341534,,,,,0.005788712,0.005788712,,0.002894356,0.18813314,,,0.015918958,,,,0.030390738,,,,,,0.013024602,,,,0.002894356,,0.292329957,,,,0.010130246,,,,,,,0.005788712,,0.004341534,,0.005788712,,0.004341534,0.001447178,,,,0.059334298,,,,,,,,,,0.052098408,,,0.121562952,,,,,0.015918958,,0.001447178,,,0.001447178,,,,,,0.024602026,,,,0.002894356,,,,,,,,0.005788712,,,,,,,,,,,0.002894356,,,0.010130246,,,,,,,,0.002894356,,,,0.004341534,,,,0.001447178,,,,,,0.004341534,,,,,,,,,,,,,,0.002894356,,,,,,,,,0.002894356,,,,,,,0.02894356,0.00723589,0.027496382,,0.004341534,,,0.001447178,,,,,,,,,,,0.008683068,,,,0.002894356,
S14669_2013,0.008333333,,,0.073333333,,,,,,0.131666667,,,0.151666667,0.003333333,,,0.001666667,,,,,,,0.076666667,,,0.003333333,,,,,,,,,0.026666667,,,,,0.003333333,,,0.023333333,,,,,,,,,,,,,,0.051666667,0.065,0.001666667,,,0.005,,,,,0.003333333,,0.033333333,0.008333333,,,,,,,,,0.005,,0.185,,,,0.001666667,,,0.001666667,,,0.005,,,,,,,,,0.03,,0.001666667,,,,,,,,,,,,,,,,,,,,0.01,,0.003333333,,,0.01,,,,,,,,,,,,,,,,,0.008333333,,,0.001666667,,,,,,,,0.008333333,,0.013333333,0.003333333,,,0.008333333,,,,,,,,,,,,,0.006666667,,,,0.006666667,,
S14669_2014,0.027960526,,,0.003289474,,0.004934211,0.006578947,,,0.078947368,,,0.233552632,,,,,0.001644737,,0.001644737,,0.014802632,0.011513158,0.044407895,0.001644737,0.004934211,0.001644737,,,,,,0.009868421,,0.006578947,0.001644737,,0.004934211,,,0.001644737,0.037828947,,0.011513158,,0.049342105,,0.001644737,,,,,,,,,,0.088815789,,,,,,0.027960526,,,,,,,,,,0.001644737,,,,,0.006578947,0.021381579,,,,,0.001644737,0.003289474,,0.004934211,,,,,,,0.003289474,,,,0.016447368,,0.027960526,,0.004934211,,,,,,,0.003289474,,,,,,,,,,,,,0.006578947,,,,,0.001644737,,0.003289474,,,,0.009868421,,,,,0.034539474,,,,,0.001644737,,,,0.013157895,,,0.006578947,,,,,,,,0.004934211,,,0.003289474,,,0.001644737,,,,0.011513158,,,,,,0.072368421,0.004934211,,0.001644737,,,0.001644737
S14669_2015,0.003278689,,,,,,,,,0.345901639,,,0.152459016,,,,0.003278689,,,,,,,0.001639344,,0.029508197,0.004918033,,,,,,,,0.003278689,,,,,,,0.009836066,,0.014754098,,,,0.001639344,,,,,,,,,,0.019672131,0.003278689,,,,,0.001639344,,,,,,,,,0.001639344,0.216393443,,0.02295082,,,,0.013114754,,,0.013114754,,,,,,,,,,,0.003278689,,,,,0.003278689,,0.039344262,0.001639344,0.019672131,,,,,,,,,,,,,,,0.003278689,,0.003278689,0.001639344,,,,,,,0.018032787,,0.004918033,,,,,,,,,,,,,,0.001639344,,,,,,,0.01147541,,,,,0.006557377,,,,,,,,,,,,,0.013114754,,,,,,,,,,,,0.006557377
S14669_2016,0.00661157,,,,,,0.008264463,,0.014876033,0.256198347,,,0.087603306,,,,0.011570248,0.023140496,,0.001652893,,0.00661157,,0.079338843,,,0.001652893,,,,,0.001652893,0.004958678,,0.05785124,,,,,0.003305785,0.003305785,0.00661157,,0.028099174,0.008264463,,0.001652893,,,,0.001652893,,,,,,0.003305785,0.047933884,0.014876033,0.001652893,,,,0.014876033,,,,,,,,,,0.004958678,,0.001652893,,,,0.019834711,,,,,0.001652893,0.003305785,0.003305785,0.001652893,,0.001652893,,,,,,,,,,,0.021487603,0.001652893,0.004958678,,,,,,,,0.003305785,,,,,,,0.008264463,0.003305785,0.003305785,0.001652893,,,,0.001652893,,,0.016528926,0.003305785,,,,,0.001652893,,,,,0.049586777,,,,,,,,,0.004958678,,,0.008264463,,0.001652893,,,,,,,,,,0.001652893,0.004958678,,,0.004958678,,0.079338843,,,,,,0.001652893,,,,,,0.024793388
S14706_2013,0.07,,,,,0.008333333,,,,0.121666667,,,0.183333333,,0.001666667,,,,,,,,,0.148333333,,,,,,,,,0.003333333,,,,,,,,,0.018333333,,0.088333333,,0.008333333,,0.001666667,,0.006666667,,,,,,,0.006666667,0.031666667,0.015,,,,,,0.001666667,,,,,,0.003333333,,0.003333333,,,0.003333333,,,,0.076666667,0.006666667,,,,,,,,,,0.01,0.043333333,,,0.006666667,,,,0.016666667,,0.01,0.006666667,,,,,,,,,0.003333333,,,,,,0.02,,,0.003333333,0.003333333,,0.003333333,,0.006666667,,,0.003333333,0.006666667,,0.01,,,,,,,,,,,,,,0.003333333,,,0.001666667,,0.001666667,0.003333333,0.006666667,,,,,,0.003333333,,,,0.001666667,,,,,,,,,,,,,,,,,0.001666667,,
S14720_2013,,,,,,,,,,0.205,,,0.003333333,,,,,,,,0.006666667,,,0.003333333,,,,,,,0.001666667,,,,,,,,,,,,,,,,,,0.041666667,0.101666667,,,,0.29,,,,0.003333333,,,,,0.006666667,,,,,,,,0.041666667,0.003333333,,,,0.105,,,,0.05,,,,,,,,,,,,,,,,,,,,,0.001666667,,,,,,,,,,,,,,,,,,,,,,,,,,,,,,,,,,,,,,,,,,,,,0.006666667,,0.011666667,,,,,,,,,,,,,,,,,,,,,,,,,,,0.006666667,,,,0.045,,
S14721_2013,0.033333333,,,,,0.02,,,,0.101666667,,,0.44,,0.001666667,,,,,,,,,0.076666667,,,,,,,,,,0.003333333,,,,,,,,,,0.02,,0.001666667,,,,,,,,,,,0.008333333,0.06,0.025,,,,0.003333333,,,,,0.003333333,,,,,,,,,,,,0.041666667,,,,,,,,,,,,0.036666667,,,,,,,,,0.003333333,,,,,,,,,,,,,0.003333333,,,0.01,,,,,,0.003333333,,0.003333333,,,0.01,,0.003333333,,,,,,,,,,,,,,,,,,0.001666667,,,,0.003333333,,,,,,0.006666667,0.016666667,,,,,,,0.001666667,,0.03,,,,,,,,,,,0.001666667,,0.01
S14732_2014,0.080808081,,,,,,,,,0.027777778,,,0.537878788,,,0.001262626,,,,,,,0.046717172,0.080808081,,,,,,,,,0.001262626,,,,,,,,,0.003787879,,,,0.016414141,,0.001262626,,,,0.002525253,,,,,0.001262626,,,,,,,0.016414141,,,,,,,,,,,,,,,,0.065656566,,,,,,,,,,0.001262626,,0.001262626,,,0.01010101,,,,0.005050505,,0.003787879,,,,,,,,,,,,,,,,,,,,0.006313131,0.005050505,,,0.005050505,,,,,,0.002525253,,,,,,,,,,,,,,,,,,,,0.035353535,0.002525253,,,,0.008838384,,0.001262626,,,,,,,,,,,,,,,,,0.005050505,,0.001262626,,,,0.001262626
S14733_2014,,,,0.009538951,,,,,,0.038155803,0.00317965,,0.751987281,,,,,,,,,,0.001589825,0.009538951,,0.001589825,,,,,,,,,,,,,,,,0.00317965,,,,,,0.004769475,,,,0.001589825,,,,,0.004769475,0.00317965,,,,,,0.109697933,,,,,,0.009538951,,,,,,,,,,0.0063593,,,,,,,,,,,,,,,,,,,,,0.0063593,,,,,,,,,,,,,,,,,,,,,,,,,,,,,,,,,,,,,,,,,,,,,,,,,,,,,,,,,,0.014308426,,,,,,,,,,,0.001589825,,,,,,,0.00317965,0.001589825,,,
S14740_2015,0.004926108,,0.013136289,,,0.006568144,,,,0.269293924,,,0.459770115,,,,,,,,,,,0.016420361,,0.078817734,,,,,,,,,,,,,,,,0.003284072,,0.009852217,0.02134647,,,0.004926108,,,0.003284072,,,,,,,0.003284072,,,,,,0.008210181,,,,,,,,,,,,,,0.014778325,,0.004926108,,,0.003284072,,,,,,,0.001642036,,0.006568144,,,,,,,,,0.006568144,,0.009852217,,,,,,,,,,,,,,,,,,0.003284072,,,,0.001642036,,,,,,,,,,,,,,,,,,,,,,,,,,0.003284072,,,,,0.024630542,,0.003284072,,,,,,,,,,,,,,,,,0.004926108,,,,,,0.006568144
S14825_2015,0.03,0.003333333,,,,0.006666667,,,0.005,0.276666667,,,0.053333333,,,0.001666667,,,,,,,0.001666667,0.026666667,,0.026666667,,,0.001666667,,,,,,,,,,,,,0.006666667,,0.088333333,,,,,,,,,,,,0.011666667,,0.051666667,0.001666667,,,,,0.07,,,,0.003333333,,,,,,0.005,,0.003333333,,0.001666667,,0.026666667,,,0.003333333,,,,,,,,,0.003333333,,0.005,,,,,,,,,0.048333333,0.003333333,,,,,,0.003333333,,,,,,,,,,,0.005,0.02,,,0.118333333,,,0.006666667,,,,,,,,,,,,,,,,,,,,,,,0.006666667,,,,,0.028333333,,,,,,,,,,0.003333333,,,0.006666667,,,,,,0.025,,,,,,0.005
S14866_2014,0.001349528,,,,,0.005398111,,,,0.743589744,,,0.130904184,,,,,,,,,,,0.026990553,0.012145749,,,,,,,,,,,,,,,,,,,0.001349528,,0.005398111,,0.001349528,,,,0.001349528,,,,,,0.002699055,,,,,,0.013495277,,,,,,,,,0.005398111,0.001349528,,,,,,0.025641026,,,,,,,0.001349528,,,,,,,,0.001349528,,,,,,,,,,,,,,,,,,,,,,0.006747638,,,,,,,,,,,,,,,,,,0.002699055,,,,,,,,,,,,,0.005398111,,,0.001349528,0.001349528,,,,,,,,,,,,,,,,,,,,,,,,,,,,,
S15003_2014,0.011647255,,,,,0.019966722,,,,0.026622296,,,0.482529118,,,,,,,,,,,0.029950083,,,,,,,,,,,,,,,,,,0.008319468,,0.001663894,,0.003327787,,,,,,,,,,,,,,,,,,0.003327787,,,,,,,,,,,,,,,,0.004991681,,,,,,,,,,,,0.001663894,0.001663894,,0.003327787,,,,0.003327787,,,,0.003327787,,,,,,,0.006655574,,,,,,,,,,,,,0.108153078,,,,,,,0.003327787,,,,,,,,,,,,,,,,,,,,,0.083194676,0.008319468,,,,0.178036606,,,,,,,,,,,,,,,,,,,,,,,,,
S15004_2014,,,,,,,,,,,0.682042834,,0.268533773,,,,,,,,,,,,0.032948929,,,,,,,,,0.006589786,,,,,,,,,,,,,,,,,,,,,,,,,,,,,,,,,,,,,,,,,,,,,,,,,,,,,,,,,,,,,0.004942339,,0.001647446,,,,,,,,,,,,,,,,,,,,,,,,,,,,,,,,,,,,,,,,,,,,,,,,,,,,,,,,,,,0.001647446,,,,0.001647446,,,,,,,,,,,,,,,,,,,,,
S15051_2014,0.019769357,,,,,,0.004942339,,,0.02306425,,,0.252059308,,,,,,,,,0.006589786,,0.014827018,0.004942339,,,,,0.004942339,,,0.003294893,,,,,,,,,,,,,0.26029654,0.018121911,,,0.001647446,,0.001647446,,,,,,0.016474465,,,,,,0.001647446,,,,,,,,,0.003294893,,,,,,0.003294893,,,0.001647446,,,0.003294893,,,,,,0.004942339,0.001647446,0.001647446,,,,,,0.001647446,,,,0.009884679,0.008237232,,,,,,,,,,0.001647446,,,,0.001647446,,,,0.001647446,,,0.064250412,,0.001647446,0.001647446,,,,,,0.006589786,,,,0.001647446,,,,,,0.003294893,,,,0.057660626,,,0.013179572,0.009884679,,,,,,0.042833608,0.001647446,,,,,,,0.034596376,,,,,,,,0.016474465,0.001647446,,,,,,
S15169_2012,0.006785411,,,,,0.098388465,,,,0.155216285,,,0.45971162,,,,,,,,,,,0.231552163,,,,,,,,,,,,,,,,,,0.009329941,,0.005089059,,,,,,,,,,,,,,,,,0.006785411,,,0.001696353,,0.000848176,0.000848176,,,,,,,,,,,,,0.005089059,,,,,0.000848176,,,,,,,,,,0.001696353,,,,0.000848176,,,,,,,,,,,,,,,,,,,,,,,,,,,,,0.005937235,,,,,,,,,,,,,,,,,,,,,,,,,,,,,,,0.004240882,,,,,,,,,,,,,,,,,,,,,0.000848176,
S15176_2014,,,,,,0.004552352,,,,0.018209408,,,0.872534143,,,,,,,,,,,0.047040971,,,,,,,,,,,,,,,,,,0.004552352,,0.006069803,,,,0.009104704,,,,,,,,,,,,,,,,0.013657056,,,,,,0.007587253,,,,,,,,,,,,,,,,,,,,,,,,,0.001517451,,,,,,,,,,,,,,,,,,,,,,,,,,,,,,,,,,,,,,,,,,,,,,,,,,,,,,,,,,,,,,,,0.007587253,,,,,,0.001517451,,,,,,,,,,,,,,,,
S15201_2013,0.003327787,,,0.003327787,,0.001663894,,,,0.139767055,0.043261231,,0.001663894,,,0.043261231,,,,,,,0.018302829,0.049916805,,,,,,,,,,,,,0.019966722,,,,,,0.004991681,0.058236273,,0.006655574,,,,,,,,,,,,0.021630616,0.003327787,0.001663894,,,0.018302829,,,,0.004991681,,,,0.009983361,,,,,0.003327787,,,,,,,,,,,,,,,0.021630616,0.001663894,,,0.001663894,,,0.009983361,0.003327787,,0.02828619,,0.044925125,0.003327787,,,,,0.013311148,,0.004991681,,0.021630616,,,,,,,,0.016638935,,0.006655574,,0.03327787,0.008319468,,,0.001663894,,0.003327787,,,,,,,,,,0.011647255,,,,0.009983361,,,,,,0.006655574,0.003327787,,,,0.053244592,0.013311148,0.053244592,,,,0.111480865,,,,,,0.003327787,,,,,0.004991681,,,,,,,,
S15304_2014,,,,,,0.001639344,,,,0.263934426,,,0.249180328,,,0.045901639,,,,,,,,,,,,,,,,,,0.003278689,,,,,,,,,,,,0.008196721,,,,,,,,,,,,0.003278689,,,,,,,,,,,,,,,,,,,0.004918033,,,,,0.001639344,,,,,,,,,0.003278689,0.004918033,,,,,,,,,,,0.047540984,,,,,,,,,,,,,,,,,,,,0.001639344,,,,0.003278689,,,,,,,0.006557377,,,,,,,,,,,,,,,,,0.031147541,,,,,0.308196721,,0.004918033,,,,,,,,,,,,,,,,,,,,,,,
S15315_2012,0.002463054,,,,,,,0.001231527,0.06773399,0.612068966,,,0.057881773,,,,,,,,,,0.019704433,,,,,,0.044334975,,,,,,,,,,,,,,,,,,,,0.002463054,0.003694581,0.098522167,,,,,,,0.009852217,,,0.017241379,,,0.001231527,,,,,,,,,,0.001231527,,,,,,0.00862069,,,,,,,,0.003694581,,,,,,,,,,,,,,,,,,0.002463054,,,,,,,,0.00862069,,,,0.002463054,,,,,,,,,,0.001231527,,,,,,,,0.009852217,,,,,,,,,,,,,,,,,,,,,,,,,,,,,0.001231527,,,,,,,0.002463054,,,,,,,,0.006157635,
S15406_2012,0.001455604,,,,,0.002911208,,,,0.023289665,,,0.014556041,0.002911208,,0.082969432,0.001455604,,,,,0.001455604,0.011644833,0.005822416,,,0.001455604,,0.069868996,,,,0.002911208,,,,,,,,,0.018922853,,,,0.103347889,,,,,,,,,,,,0.002911208,,,0.002911208,,,,,0.001455604,0.010189229,,,,,,,0.011644833,,,,,,,,,,,,,,,,,0.001455604,0.062590975,,,0.013100437,,0.001455604,,0.005822416,,,,0.023289665,0.034934498,,,,,,0.002911208,,,0.017467249,,,,,0.004366812,,,0.005822416,0.002911208,,,0.002911208,,,0.004366812,,,,,,,,,,0.002911208,,,,0.030567686,,,,,,,,,0.004366812,0.001455604,,,0.001455604,0.011644833,,0.375545852,,,,,,,,,,,,,,,,0.002911208,,,,,,,
S15413_2012,,,,,,0.011647255,,,,0.026622296,,,0.001663894,,,0.006655574,,,,,,,0.06156406,0.08985025,,,,,0.211314476,,,,,,,,,,,,,0.003327787,,,,0.008319468,0.004991681,,,,,,,,0.026622296,,,,,,,,,,,,,,,,0.004991681,,,,,,,,,0.003327787,,,,,,,0.001663894,,,,,0.029950083,,,0.009983361,0.003327787,,,,,,,0.004991681,0.001663894,,,,,,,,,0.059900166,0.001663894,,,,0.003327787,,,,,,,,,,,,,,,,,,,,,,0.001663894,,0.003327787,,,,,,,,,,,,,,0.086522463,,0.321131448,,,,,,,,,,,,,,,,,,,,,,0.003327787,
S15479_2012,,,,,,0.028099174,,0.003305785,0.019834711,0.011570248,0.01322314,,0.033057851,0.004958678,,0.079338843,,,,,,0.004958678,0.009917355,0.079338843,,,,,,,,,0.001652893,,0.00661157,,,,,,,0.011570248,,,,0.026446281,,,,,,,,,,,,,,,,,,,,,0.018181818,,,,,,,0.008264463,,,,,,0.001652893,,,,,0.009917355,,,,,,,0.004958678,,,,0.001652893,0.009917355,,0.001652893,,,,0.021487603,0.014876033,,,,,,0.00661157,,,,0.001652893,,,,0.004958678,,,0.003305785,,,,0.001652893,0.003305785,,0.01322314,,,,,,,,0.001652893,,0.003305785,,,,0.026446281,,,,,,,,0.001652893,0.061157025,0.021487603,,,,0.003305785,,0.391735537,,,0.001652893,0.01322314,,,0.001652893,,,,,,,,,0.001652893,,,,,,0.001652893,
S15479_2013,0.033333333,,,,,,0.01,,,0.018333333,,,0.063333333,,,0.11,,,,,,0.025,0.005,0.001666667,,,,,,,,,0.001666667,0.015,,,0.003333333,0.01,,,,,,0.006666667,,0.043333333,,,,,,,,,,,,0.046666667,0.001666667,,,,,0.003333333,0.001666667,,,0.003333333,,,,,0.003333333,,,,,,,0.005,,,,,,0.006666667,,,,,0.008333333,0.036666667,,,,,,,,,,,0.106666667,0.026666667,,,,,,0.003333333,0.036666667,,,,,0.001666667,,,,0.005,0.008333333,0.001666667,,0.01,0.01,,,,,,0.01,0.005,0.008333333,,,,0.01,0.001666667,,,0.105,,0.001666667,,,,,,,,0.03,0.001666667,0.003333333,,,,,0.026666667,,,0.003333333,0.048333333,,,,,,,,,,,0.008333333,,,,,,,,0.01
S15479_2014,,,,,,,0.003225806,,,0.001612903,0.212903226,,0.329032258,,,0.064516129,,,,,,0.016129032,0.009677419,0.006451613,0.003225806,,,,,,,,0.00483871,,,,,,,,,0.011290323,,,,0.006451613,,,,,,,,,,,,,,,,,,0.001612903,,,0.003225806,,,,,,,0.001612903,,,,,,,,,,,,,,,,,0.006451613,0.008064516,,,0.003225806,,,,0.001612903,,,,0.029032258,0.011290323,,,,,,,,0.001612903,0.006451613,,,,,0.003225806,,,0.006451613,,,,0.012903226,,,0.003225806,,,,,,,,,,,,,,,,,0.003225806,,,,,,0.079032258,0.008064516,,,,0.009677419,,0.087096774,,,,,,,,,,,,,,,,,,,,,,,
S15479_2015,0.005,,,,,,0.003333333,,,0.106666667,,,0.13,,,0.045,,,,,,0.005,0.001666667,0.003333333,,0.033333333,0.003333333,,,,,,0.003333333,,,,,,,,,,,0.006666667,0.101666667,,,,,,,,,,,,,0.025,,0.001666667,,,,,,0.001666667,,0.006666667,,,0.001666667,,,0.016666667,,0.006666667,,,,0.013333333,,,,,,0.003333333,,,,0.001666667,0.01,0.008333333,,0.003333333,,,,,0.006666667,,,0.003333333,0.038333333,0.011666667,,,0.016666667,,,,0.01,0.003333333,0.015,0.003333333,0.001666667,,,,,,0.006666667,,0.003333333,,0.001666667,0.001666667,,0.015,,0.003333333,0.001666667,,0.001666667,,,,0.006666667,,0.005,0.001666667,,0.001666667,,,,,,,,,0.048333333,0.028333333,0.006666667,,,0.006666667,,0.163333333,,,,0.001666667,,,0.001666667,0.011666667,,,0.006666667,,,,0.003333333,,,,,,,,0.003333333
S15479_2016,0.004518072,0.001506024,,,,,,,,0.359939759,,,0.079819277,,0.001506024,0.081325301,,,,,,0.012048193,0.037650602,0.009036145,,,0.003012048,,,,,,0.001506024,,,,,,,,,,,0.016566265,,,,,,,,,,,,,,0.006024096,,,,,,0.001506024,0.001506024,,,,,,0.003012048,,,,,0.027108434,,,,,,,,,0.004518072,0.003012048,,,,,0.012048193,0.02560241,,0.009036145,,,,,,,0.003012048,,0.018072289,0.004518072,,,0.036144578,,,,,,0.001506024,,,,,0.009036145,,0.001506024,,0.003012048,,,0.006024096,0.001506024,,0.004518072,,0.003012048,0.001506024,,0.004518072,,,,0.001506024,,,,,0.024096386,,0.003012048,,,,,,,0.037650602,0.012048193,,,,0.00753012,,0.021084337,,,,0.00753012,0.043674699,0.004518072,,,0.024096386,,,,,,0.001506024,,,,,,,,
S15520_2014,,,,,,,,,,0.55221519,,,,,,,,,,,,,,0.023734177,,,,,,,,,,0.074367089,,,,,,,,,,,,,,,,0.05221519,,0.045886076,,0.003164557,0.001582278,,,0.047468354,,,,,,0.003164557,,,,,,,,,,,,,,,,0.026898734,,,,,,,,,,,0.03164557,,,,,,,,,,,,,,,,,,,,,,,,,,0.003164557,,,,0.001582278,,,,,,,,,,,,,,,,,,,,,,,0.001582278,0.006329114,,0.012658228,0.006329114,,0.001582278,0.003164557,,,0.004746835,,,,,,,,,,,,0.001582278,,,,,,,,,0.02056962,,,,,,
S15703_2012,,,,,,0.002836879,,,,0.418439716,,,0.163120567,,,,,,,,,,0.00141844,,,,,,0.346099291,,,,,,,,,,,,,0.00141844,,0.00141844,,,,,0.005673759,,,,,,,,,0.00141844,,,0.011347518,,,0.00141844,,,,,,,,,,,,,,,,0.00141844,,,,,,,,,,,,0.008510638,,,,,,,0.002836879,,,,0.00141844,,,,,,,,,,,,,,,0.002836879,,,,,,,,,,0.007092199,,,,,,,,,,,,,,,,0.002836879,,,,,,,,0.002836879,,,,,,,,0.002836879,,,,,,,,,,,,,,,,,,,,,
S15796_2013,0.003333333,,,,,,,,,0.618333333,,,0.158333333,,,0.001666667,0.001666667,,,,,,,0.003333333,,,,,,,,,,,,,,,,,,,0.003333333,,,,,,,0.028333333,,,,,0.001666667,,,0.006666667,,,,,,,,,,,,,0.001666667,,0.001666667,,,,,,,,,,,,,,0.001666667,0.006666667,,,,0.001666667,,,,,,,,,0.003333333,,,,,,,,,,,,,,,,0.003333333,,,,0.005,,,,,,,,,,,,,,0.001666667,,,,,,,,,,0.008333333,,,,,,,,,0.08,,,,,0.001666667,0.008333333,,0.006666667,,,,0.005,,,,,,,,,,,,,,,
S15837_2012,0.004918033,,,,,0.01147541,,,,0.404918033,,,0.314754098,,,,,,,,,,,0.057377049,,,,,,,,,0.001639344,,,,,,,,,0.03442623,,,,0.001639344,,,,,,,,,,,,0.013114754,,,,,,,,,,,,,,,,,,,,,,0.001639344,,,,,,,0.001639344,,,,,0.01147541,,,,0.001639344,,,,,,,0.01147541,0.001639344,,,,,,,,,,0.003278689,,,,,,,,,,,,,,0.009836066,,,,,,,,,,0.001639344,,,,,,,,,,,,,0.003278689,,,,0.003278689,0.001639344,,0.013114754,0.008196721,0.057377049,,,,,,,,,,,,,,,,,0.001639344,,,,
S15858_2013,0.003333333,,,,,0.001666667,,,,0.093333333,,,0.221666667,,,0.016666667,0.001666667,,0.001666667,,,0.006666667,,0.091666667,,,,,,,0.016666667,,,,,0.003333333,,,,,,,,0.001666667,,0.005,,0.006666667,,0.01,,,,,,,0.006666667,0.01,0.01,,,,,,0.003333333,,,0.003333333,,,,,0.001666667,,,,,,,0.016666667,0.01,0.006666667,,,,,,0.196666667,,,0.008333333,0.023333333,,,0.003333333,0.006666667,,,,,0.016666667,,0.02,0.005,,,,,,,,,,,,,,,,,0.001666667,,,,,0.01,,0.006666667,,,,,,,0.021666667,,,,,,0.003333333,,,,0.01,0.001666667,,,,,0.005,0.001666667,,0.001666667,,,,0.003333333,0.013333333,0.046666667,,,,,0.003333333,0.003333333,,,,,,,,,,,,,,,0.008333333
S15964_2012,,,,,,0.089141005,,0.001620746,,0.128038898,,,0.249594814,0.006482982,,0.012965964,,,,,,0.001620746,,0.320907618,,,,,,,,,0.006482982,,,,,,,,,,,,,0.001620746,,,,0.003241491,0.001620746,,,,,,,,,,,,,,,,0.012965964,,,,0.003241491,,,,,,,,,,,,,,0.001620746,,,0.001620746,0.001620746,,,0.003241491,,,0.001620746,,,,,,,,0.008103728,,,,,,,,,,,,,,,,,,,0.003241491,,,0.008103728,,,0.003241491,,,,,,,,,,,,,,,,,,,,,,,0.071312804,0.006482982,,,,0.008103728,,0.022690438,0.008103728,,0.001620746,,,,,,,,,,,0.003241491,,,,,,,,0.001620746,
S15993_2015,0.018121911,0.003294893,,,,,,,,0.405271829,,,0.13014827,,,,,,,,,,,0.004942339,,0.006589786,,0.001647446,,,,,,,,,0.003294893,,,,,0.016474465,,0.029654036,0.003294893,,,0.001647446,,,,,,,,,,0.019769357,,,,,,0.013179572,,,,,,,,,,,,,,0.004942339,,0.009884679,,,,,0.003294893,,,,,,0.003294893,0.004942339,,0.001647446,,,,,0.001647446,,0.006589786,,0.014827018,,,,,,,,,,,,,,,,,,0.003294893,0.006589786,,,0.227347611,,,0.006589786,,,,,,,,,,,,,,,,0.003294893,,0.001647446,,,,,0.003294893,,,,,0.024711697,,,,,,,,,,,,,0.003294893,,,,,,0.006589786,,,,,,0.003294893
S16022_2015,,,,,,0.003333333,,,,0.455,0.005,,0.44,,,,,,,,,,,0.008333333,,0.02,,,,,,,,,,,,,,,,0.003333333,,,,,,,,,,,,,,,,,,,,,,0.003333333,,,0.003333333,,,,,,,,0.001666667,,,0.006666667,,,,,,,,,0.003333333,,,,0.001666667,0.001666667,,,,,,,,,,,,,,,0.001666667,,,,,,,,,,,,,,,,,,0.005,,,,,,,,,,,,,,,,,,,,,,,,,,,0.008333333,,,,0.015,,,,,,,,,,,,,,,,,,,,,,,,,0.003333333
S16049_2015,0.159277504,,,,,0.001642036,,,,0.197044335,,,0.359605911,,,,,,,0.001642036,,,,0.011494253,,0.047619048,,,,,,,,,,,,,,,,0.003284072,,0.022988506,0.02134647,,,,,,,,,,,,,0.001642036,,,,,,0.014778325,,,,0.001642036,,,,,,,,0.001642036,,,,0.004926108,,,0.006568144,,,,,,,,,,,,,,,,,,,,0.001642036,0.001642036,,,,,,,,,,,,,,0.001642036,,,,,,,0.055829228,,,0.001642036,,,,,,,,,,,,,,,,,,,,,,,0.019704433,,,,,0.044334975,,0.016420361,,,,,,,,,,,,,,,,,,,,,,,
S16050_2016,0.059504132,,,,,,,,0.003305785,0.175206612,,,0.196694215,,,0.003305785,,,,,,,,0.034710744,,,,,,,,,,,,,,,,,,0.008264463,,0.018181818,,,0.003305785,,,,,,,,,,,0.00661157,,,,,,0.01322314,,,,0.001652893,,0.00661157,,,,0.008264463,,,,,,0.01322314,,,,,,,,,,0.001652893,,,,0.00661157,,,,,0.001652893,,0.001652893,,0.042975207,0.003305785,,,0.00661157,,,,,,,,,,,0.008264463,,,0.004958678,0.001652893,0.008264463,,0.242975207,,,0.001652893,,,,,,,,,,,,,,,,,,,,,,,0.009917355,,,,,0.014876033,,0.046280992,,,,0.011570248,0.023140496,,,,,,0.003305785,,,,0.003305785,,,,,,,,
S16122_2012,,,,,,0.004360465,,,0.020348837,0.473837209,,,0.072674419,,,,,,,,,,,0.005813953,,,,,0.050872093,,,,,,,,,,,,,0.007267442,,,,,,,,,0.223837209,,,,,,,0.001453488,,,0.007267442,,,,,0.002906977,,,,,0.001453488,,,0.002906977,,,,,,0.063953488,,,,,,,,0.00872093,,,,,,,0.001453488,0.001453488,,,0.001453488,,,,,,,0.004360465,,,,,,,,,,,,,,,,,,,,,,0.004360465,,,,,,,,,,,,,,0.001453488,,,,,,,,,,,,,,0.005813953,,,0.005813953,0.001453488,,,,,,,,,,,,0.001453488,,0.001453488,,,,,,0.001453488,
S16125_2015,,,0.143094842,,,0.001663894,,,,0.525790349,,,0.036605657,,,0.004991681,,,,,,0.003327787,,0.008319468,,0.003327787,,,,,,,,,,,,,0.001663894,,,,0.006655574,0.001663894,0.101497504,,,0.018302829,,0.008319468,,,,,,,,0.008319468,,,,,,0.004991681,,,,,,,,,,,,,,,,,,,,,,,,,,,,,,,,,,0.001663894,,0.004991681,0.001663894,,0.001663894,,,,,,,,,,,,,,,,,,,,,,0.004991681,,,,,0.001663894,,,,,,,,,,,,,,0.003327787,,0.004991681,,,,,0.001663894,,,,,0.001663894,0.009983361,,,,,,,,,,0.003327787,,,,,,,,0.023294509,,,,,,
S16128_2014,0.001584786,,,,,0.022187005,,,,0.152139461,0.001584786,,0.744849445,,,,,,,,,,,0.012678288,,,,,,,,,,,,,,,,,,,,,,0.001584786,,0.001584786,,,,,,,,,,0.00792393,,,,,,0.001584786,,,,,,,,,,,,0.001584786,,,0.003169572,,,0.001584786,,,,,0.003169572,,,,,,,,0.006339144,,,,,,,,,,,0.001584786,,,,,,,,,,,0.003169572,,,,,,,,,,,,,,,,,,,,,,0.001584786,,,,,,,,,,,0.001584786,,,,,,0.003169572,,,,,,,,,,,,,,,,,,,,,,,,,0.001584786
S16144_2013,0.02,,,,,,,,,0.508333333,,,0.251666667,,,,,,,,,,,0.195,,,,,,,,,,,,,,,0.001666667,,,,,,,0.003333333,,,,,,,,,,,,0.006666667,,,,,,,,,,,,,,,,,,,,,,,0.001666667,,,,,,0.003333333,,,,,,,,,,,,,,,,,,,,,,,,,,,,,,,,,,,,,,,,,0.003333333,,,,,,,,,,,,,,,,,,,,,,,,,,,,,,,,,,,,,,,,,,,,,,,,,,,,,0.001666667
S16191_2015,0.003311258,,,,,0.009933775,,,0.003311258,0.57615894,,,0.210264901,,,,,,,,,,,,,0.062913907,,,,,,,,,,,,,,,,,,0.006622517,,,,0.023178808,,,,,,,,,,0.001655629,,,,,,,,,,,,,,,,,,,,,,,,,,,,,0.013245033,,,,,,,,,,,,,,,,,,,,,,,,,,,,,,,,,,,,,,,0.001655629,,,,,,,,,,,,,,,,,,,,0.004966887,,0.001655629,,,0.004966887,,,,,0.033112583,0.023178808,,,,,,,,,,,,,,,,,,0.013245033,,,,,,0.006622517
S16239_2012,,,,,,0.002735978,,,,0.26128591,0.002735978,,0.456908345,0.002735978,,,0.002735978,,,,,,0.001367989,,,,,,0.030095759,,,0.001367989,,,0.001367989,,,,,,,0.031463748,,0.01504788,,,,,,,,,,,,,,0.001367989,,,0.031463748,,,,,,,,,,,,,,,,,,,0.010943912,,,,,,,,,,,,0.108071135,,,0.001367989,0.001367989,,,,,,,0.004103967,0.001367989,,,,,,,,,,,,,,,,,,,,,,,,0.004103967,,,,,,,,,,,,,,,,0.001367989,,,,,,,,,,,0.004103967,0.001367989,,0.004103967,0.005471956,0.001367989,,,,,,,,,,,,,,,,,,,,0.004103967,
S16258_2012,,,,,,,,0.004054054,0.145945946,0.601351351,,,0.094594595,,,,0.002702703,,,,,,,,,,,,,,,0.005405405,,,,0.02027027,,,,,,0.004054054,,,,,,,0.021621622,,,,,,,,,,,,0.001351351,,,0.006756757,,,,,0.001351351,,,,,,,,,,,,,,,,,,,0.008108108,,,,,,,,,,,,,,,,,,,,,,,,,,0.001351351,,,,,,,,,,,,,,,,,,,,,,,,,,,,,,,,,,,,,,,,,0.005405405,,,,,0.024324324,,,,,,,,,,,,,,,,0.005405405,0.001351351,,,,
S16268_2015,0.004926108,,,,,,,,,0.139573071,,,0.573070608,,,,,0.001642036,,,,0.004926108,,0.011494253,,0.052545156,,,,,,,0.001642036,,,,,,,,,,,0.036124795,0.003284072,,,0.009852217,,,0.001642036,0.013136289,,,,,,0.008210181,0.011494253,,,,,0.031198686,,,,,,,,,,,,,,,,0.013136289,,,,,,,,0.008210181,,,,0.004926108,,,,,,,,,0.013136289,,0.004926108,,,,,,,0.003284072,,,,,,0.001642036,,,,,0.003284072,,,,,,,0.004926108,,,,,,,,0.001642036,,,,,,,,0.003284072,,0.003284072,,0.003284072,,,,,,,,,,,,,,0.001642036,,,,,,,,,,,0.006568144,,0.008210181,,,,,,
S16311_2012,0.004680187,,,,,0.280811232,,,,0.024960998,,,0.380655226,0.001560062,,,,,,,,,,0.107644306,,,,,,,,,0.001560062,,0.003120125,0.001560062,,,,,,,,,,0.001560062,,,,0.001560062,0.009360374,,0.012480499,,0.009360374,,,0.024960998,,,,,,0.043681747,,0.004680187,,,,,,,,,,,,,,,,,,,,,,0.00624025,,,,0.00624025,,,,,,,0.029641186,,,,,,,,,,,,,0.001560062,,,,,,,,,,,,,,0.001560062,,0.001560062,,,,,,,,,,,,,,,,,,,,,,,0.003120125,,,,,,,,,,,,,,,,,,,,,,,,,,0.020280811,,,,
S16385_2012,,,,,,0.005805515,,,,0.435413643,,,0.140783745,,,0.001451379,,0.001451379,,,,,,0.256894049,,,,,,,,,,,,,,,,,,0.005805515,,,,,,,0.015965167,,,,,,,,,,,,0.04934688,,,0.017416546,,,,,0.001451379,,,,,,,,,,,0.005805515,,,,,,,0.001451379,0.001451379,,,,0.008708273,,,,,,,0.002902758,,,,,,,0.002902758,,,,,,,,0.007256894,,,,,,,,,,,,,,0.005805515,,,,,,,,0.001451379,,,,,,,,,,,,,,,,0.004354136,,,,,,,0.001451379,0.01161103,,0.002902758,,,,,,,,,0.005805515,,,,,0.002902758,,,,,
S16428_2013,0.008333333,,,,0.02,,,,,0.468333333,0.005,0.001666667,0.16,,,0.008333333,,,,,,,,0.156666667,,,,,,,,,,,,,,,,,,,,0.001666667,,0.005,,,,,,,,,,,,0.011666667,,,,,,0.005,,,,,,,,,,,,,,,,0.001666667,,,,,,,,,,,0.003333333,0.005,,,,,,,,,,,,,,,,,,,,,,,,,0.001666667,,,,0.003333333,,,,,,,0.003333333,,,,,,,,,,,,,,,,,,,,,,,0.005,0.003333333,,,,0.055,,0.053333333,,,,,,,,,,,,,,,,,,,,,,,0.001666667
S16440_2012,0.047839506,,,,,0.030864198,,0.00154321,,0.023148148,,,0.166666667,,,0.00308642,,,,,,0.00154321,0.00154321,0.662037037,,,,,,,,,,,,,,,,,,,,0.00462963,,0.00617284,0.00308642,,,,,,,,,,,,,,,,,0.00154321,,,,,,,,,,,,,,,,,,,,,,,0.00154321,,,,,0.00154321,,,0.00154321,0.00154321,,,,,,,,,,,,,,,,,,,,,,,,,,,,,,,,0.00617284,,,,,,,,,,,,,,,,,,,,,,,0.00308642,0.007716049,,,,0.012345679,,0.00617284,0.00154321,,,,,,,,,,,,,,,,,0.00154321,,,,0.00154321,
S16505_2012,,,,,,0.050925926,,,0.00308642,0.546296296,,,0.033950617,,,,,,,,,,,0.00154321,,,,,,,,,,,,,,,,,,,,,,,,,0.00154321,0.316358025,,,0.00154321,,,,,0.015432099,,,,,,,,,,,,,,,,,,,,,,0.007716049,,,,,,,,0.00154321,,,,0.00154321,,,,,,,0.00154321,,,,0.00154321,,,,,,,,,,,,,,,,,,0.00308642,,,,,,,,,,,,,,,0.00462963,,,,,,,,,,,,,,,,0.00154321,,,,,,,,,,,,,,,,,,,,,,,,,,,,0.00154321,
S16524_2015,0.003262643,,,,,0.001631321,,,,0.037520392,0.182707993,,0.065252855,,,0.021207178,,,,,,0.004893964,0.004893964,0.001631321,,0.585644372,,,,,,,,,,,,,,,,,,,0.001631321,,,,,,,,,,,,,0.004893964,,,,,,,,,,,,,,,,,,0.001631321,,,,,,,,,,0.001631321,0.004893964,,,0.001631321,,,,,,,,,,,0.001631321,,,,,,0.003262643,,,,,,0.003262643,,,,,,,,,,,,,,,,,,,,,,,,,,,,,0.001631321,,,,,,,,,0.022838499,0.001631321,,,,0.03588907,0.004893964,,,,,,,,,,,,,,,,,,,,,,,,
S16583_2013,0.021666667,,,,0.026666667,,,,,0.176666667,,,0.203333333,,,0.226666667,,,,,,0.003333333,,0.01,,,,,,,,,,,,,,,,,,,,,,0.058333333,,,,,,,,,,,,,,,,,,,,,0.063333333,,,,0.003333333,,,,,,0.023333333,,,,,,,,,,0.003333333,,,,,,,,,,,,,,0.003333333,,0.01,0.01,,,,,,,,,,,,,,,,,0.005,,,,0.055,0.003333333,,0.001666667,,,,,,,,,,,,,,,,,,,,0.008333333,,,0.05,0.003333333,,,,0.013333333,,0.01,0.003333333,,,,,,,,,,,,,,,,,,,,,,
S16588_2013,,,,,0.015,,,,,0.285,0.003333333,0.006666667,0.013333333,,,0.133333333,,0.006666667,,0.003333333,,,0.001666667,0.098333333,,,,,,,0.003333333,,,,,,,,0.001666667,0.005,,,,,,0.026666667,,,,,,,,,,,0.01,0.053333333,0.003333333,,,,,,,,0.003333333,,,,,0.033333333,,,,,0.018333333,,,0.016666667,,,,,,,,,,,0.003333333,,,,0.003333333,,,,,,0.003333333,,0.028333333,0.001666667,,0.003333333,,,0.003333333,,,,0.005,,,,,0.001666667,,,0.013333333,0.003333333,,,0.05,,,,,,,,,,,,,,,,,,0.001666667,,,,,0.02,,,0.031666667,0.02,,,,0.026666667,,0.015,,,,0.01,,,,,,,,,,,,,,,,,,,
S16599_2015,,,0.001626016,,,,,,,0.058536585,0.609756098,,,,,0.027642276,,,,,,,0.004878049,,,0.203252033,,,,,,,,0.001626016,,,,,,,,,,,0.001626016,,,,,,,,,,,,,0.004878049,,,,,,,,,0.001626016,,,,,,,,,,,,,,,,,,,0.003252033,0.001626016,,,,0.006504065,,,0.003252033,,,,0.011382114,,,0.006504065,,0.003252033,0.004878049,,,,,,,,0.003252033,0.004878049,,,,,,,,,,,,0.001626016,0.004878049,,,0.001626016,,,,,,,,,,,,,0.003252033,,,,,,,,,,,,,,0.008130081,0.001626016,0.006504065,,,,,,,,,,,,,,,,,,,,,,,
S16603_2012,,,,,,0.030178326,,,,0.691358025,0.001371742,,0.128943759,,,,,,0.002743484,,,0.001371742,,0.001371742,,,,,,,,,0.001371742,,,,,,,0.001371742,,,,0.001371742,,,,,,0.043895748,,,,,0.015089163,,,0.002743484,,,0.005486968,,,0.005486968,,,,,,,,,,,,,,,,0.008230453,,,,,,,,0.012345679,,,,,,,,,,,,,,,,,,,,,,,,,,,,,,,,,,0.002743484,,,,,,,,,,,,,,,,,,,,,,,,,,,,,,,,,,,,,0.001371742,,0.016460905,0.002743484,,,0.001371742,,,,,,,,,,,0.005486968,0.002743484,,,0.001371742,
S16679_2014,0.012987013,,,0.003246753,,0.030844156,,,,0.066558442,,,0.477272727,,,0.003246753,,,,,,,,0.097402597,0.001623377,,,,,0.003246753,,,0.003246753,,,,,,,,,,,,,0.001623377,,,,,,0.011363636,,,0.001623377,,,0.00487013,,,,,,,,,,,,,0.001623377,,,,,,,,0.001623377,0.003246753,,,,,0.001623377,,0.001623377,,0.003246753,,0.00974026,,,,0.016233766,0.003246753,,,0.017857143,,,,0.012987013,,,,,,,0.017857143,,,,,,,,,,,0.003246753,0.001623377,,,,,,,,,,,,0.011363636,,,,,0.003246753,0.00974026,,,,,,,,0.016233766,,,0.030844156,0.030844156,,,,,,0.003246753,0.001623377,,,0.001623377,,,0.003246753,,,,,,,,,,0.01461039,,,,,,0.003246753
S16758_2012,,,,,,,,,,0.912912913,,,0.013513514,,,,,,,,,,0.001501502,,,,,,0.033033033,,,,,,0.001501502,,,,,,,,,,,,,,0.024024024,,0.006006006,,,,,,,,,,0.001501502,,,,,,,,,,,,,,,,,,,0.001501502,,,,,,,,,,,,,,,,,,,,,,,,,,,,,,,,,,,,,,,,,,,,,,,,,,,,,,,,,,,,,,,,,,,,,,,,,,,,,,,0.001501502,,,,,,0.001501502,,,,,,,,,,,0.001501502,,,,,
S16833_2014,0.004132231,,,,,,,,,0.05785124,,,0.247933884,,,,,,,,,,,0.041322314,,,,,,,,,,,,,,0.008264463,,,,,,,,0.037190083,0.004132231,,,0.024793388,,0.053719008,0.004132231,,,,0.016528926,,,,,,,,,,,,,,,0.008264463,0.004132231,,,0.004132231,,,,0.024793388,,,,,,,,,,,0.02892562,,0.004132231,,0.008264463,,,,,,,,,,,,,,,0.004132231,,,,,,,0.008264463,,,,,0.008264463,,,,,0.004132231,,,,,,,,,,,,,,,,,,,,,0.148760331,,,0.037190083,,,,,,,,,,,,,,0.004132231,,,,,,,,,,,,,,,,0.05785124
S16846_2012,,,,,,0.025396825,,,0.003174603,0.647619048,,,0.001587302,,,,,,,,,,,,,,,,,,,,,,,,,,,,,,,,,,,,,0.063492063,,,,,,,,0.025396825,,,,,,0.004761905,,,,,,,0.001587302,,,,,,,,,,,,,,,,,0.215873016,,,,,,,,,,,,,,,,,,,,,,,,,,,,,,,,,,,,,,,,,,,,,,,,,,,,,,,,,,,,,,,,,,,,,,0.003174603,,,,,,,,,,,,,,,,,,,0.001587302,,,0.001587302,
S16851_2013,,,,,,0.035,,,,0.098333333,0.381666667,,0.108333333,,,0.021666667,,,,,,,0.001666667,0.025,,,,,,,,,0.001666667,,,,,,,,,0.005,,0.021666667,,0.001666667,,,,,,,,,,,,,0.003333333,0.001666667,,,0.015,,0.001666667,,0.001666667,,,0.003333333,,0.003333333,,,,0.003333333,,,,,,,,,,,,,,,0.01,0.041666667,,,0.008333333,0.006666667,,,0.003333333,,0.006666667,0.003333333,0.028333333,0.018333333,,,,,0.003333333,,,,0.018333333,,,,,,,,0.006666667,,0.003333333,0.001666667,,,,0.001666667,,,,0.003333333,,0.005,,,,,,,,,,,,,,,,,,,,,,0.013333333,,0.02,,,,,,,,,,,,,,,,,0.006666667,,,,,,0.006666667
S16881_2013,,,,0.05,,,,,,0.468333333,,,0.286666667,,,0.056666667,,,,,,0.001666667,,0.006666667,,,,,,,,,,,,,,,,,,,,,,0.028333333,,,,,,,,,,,,0.001666667,,,,,,,,,,,,,,,,,,,,,,,,,,,,,,,,,,,,,,,,,,,,,0.003333333,0.001666667,,,,,,,,,0.001666667,,,,,,,,0.001666667,,,,,,,,,,,,,,,,,,,,,,,,,,,,,,,,,,,,,0.05,0.011666667,0.016666667,,0.006666667,,,,,,,,,,,,,,,,,,,
S16885_2014,,,,,,,,,,0.068333333,,,0.821666667,,,,,,,,,,0.001666667,0.001666667,,,,,,,,,,,,,,,,,,,,0.001666667,,0.003333333,,0.008333333,,,,,,0.003333333,,,,0.046666667,,,,,,0.005,,,,,,,,,,,,,,,,0.018333333,,,,,,,,,,,,,,,,,,,,,,,0.001666667,,,,,,,,,,,,,,0.003333333,,,,,,,,,,,,,,,,,,,,,,,,,,,,,,,,,,,,,,,,,,,,,,,,,,,,,,,,,,,,,,,,
S16928_2014,0.001626016,,,,,0.003252033,,,,0.05203252,,0.006504065,0.715447154,,,,,,,,,,0.022764228,0.058536585,,0.001626016,,,,,,,,,,,,,,,,0.011382114,,,,0.003252033,,,,,,,,,,,,,,0.003252033,,,,0.011382114,,,,,,,0.004878049,,,,,,,,,,,,,,,,,,,,,,,,0.003252033,,,,,,0.003252033,0.001626016,0.001626016,,,,,0.001626016,,,,,,,,,0.009756098,,,,,,,,0.001626016,,,,,,0.001626016,,,,,,,,,,,,,,,,,0.006504065,,,0.008130081,,,,,0.01300813,,,0.003252033,,,,,,,,,,,,,,,,0.030894309,,,,,,0.001626016
S16972_2015,0.02310231,0.001650165,0.079207921,,,,,,,0.501650165,0.00330033,,0.282178218,,,0.00330033,,,,,,,,,,0.028052805,,,,,,,,,,,,,,,,,,,0.014851485,,,,,,,,,,,,,,,,,,,0.001650165,,,,,,,,,,,0.001650165,0.001650165,,0.00330033,,0.00330033,,,0.00330033,,,,,,,,,0.00330033,,,,,,,,,0.00660066,,,,,,,0.00330033,,,,,,,,,,,,,,,,,0.00660066,,,,,,,,,,,,,,,,,,,0.001650165,,0.00330033,,0.00330033,0.00330033,,0.008250825,,,,,,0.00330033,,,,,,,,,,,,,,,,,,,,,,,,0.001650165
S16984_2015,0.004991681,,0.098169717,,,,,,,0.291181364,,,0.34109817,,,0.014975042,,,,,,,,0.009983361,,0.014975042,,,,,,,,,,,,,,,,,,0.009983361,0.003327787,,,,,,,,,,,,,,,,,,,,,,0.004991681,,,,,,,,,,,0.001663894,,,,,,,,,,,,,,,,,,,,,,,,,0.008319468,0.014975042,,,,,,,,,,,,,,,,,,,,,0.021630616,,,,,,,,,,,,,,,,,,,,,,,0.001663894,,,0.038269551,0.001663894,,,,0.088186356,,0.021630616,,,,,,,,,,,,,,,,,,,,,,,0.003327787
S17061_2013,,,,,,,,0.013333333,,0.321666667,,,0.046666667,,,,,,,,,,,,,,,,,,,,,,,,,,,,,,,,,0.006666667,,,,0.005,,,,,,,,,,,,,,,,,,,,,0.003333333,0.003333333,,,,,,,,,0.01,,,,,,,0.161666667,,,,,,,,,,,0.003333333,,,,,,,,,,,,,,,,,,,,,0.003333333,,,,,,,,,0.001666667,,,,,,0.358333333,,,,,,,,,,,,,,,,,,,0.02,,,,,,0.003333333,,,,,,,,,,,,,,,,,,,,,0.003333333
S17181_2015,,,0.008156607,,,0.001631321,,,,0.448613377,,,0.073409462,,,0.013050571,,,,,,,,0.001631321,,0.001631321,,,0.001631321,,,,0.001631321,,,,,,,,,0.004893964,0.08319739,0.009787928,0.017944535,,,,,,,,,,,,0.004893964,0.001631321,0.003262643,,,,,,,,,,,,,,,0.009787928,,0.057096248,,,,0.01141925,,,,,,,,,,,,,,,,0.003262643,,,0.003262643,0.003262643,0.014681892,0.001631321,0.006525285,,,,0.003262643,,,0.001631321,,0.003262643,0.001631321,,0.004893964,,,,,,0.004893964,0.003262643,,,0.027732463,,,0.022838499,,0.003262643,,,0.003262643,,,,,,,,,,,,,,,,,,0.01141925,,,,,0.073409462,,0.003262643,,,,0.009787928,,,0.001631321,,,,0.008156607,,,,,,0.006525285,,,,,,
S17201_2013,,,,,,,,,,0.005,,,,,,,,,,,0.006666667,,,,,,,,,0.01,,,,,,,,,,,,,,,,0.028333333,,,,0.118333333,0.011666667,,,0.44,0.001666667,,0.003333333,0.011666667,,,,,,,,,,,,,,,,,,,,,,0.018333333,,,,,,,,0.005,,0.001666667,,0.003333333,0.003333333,,,,,,,,,,,,,,,,,,,,,,,,,,,,0.001666667,,,,,,,,,,,,,,0.006666667,,,,,,,,,,,,,0.066666667,,,,,,0.005,,,,,,,,,,,,,,,,,,,,,,,,,0.016666667,,
S17271_2012,,,,,,0.181518152,,,,0.148514851,,,0.301980198,,,,,,,,,,,0.181518152,,,0.00330033,,0.001650165,,,,,,,,,,,,,0.00330033,,0.018151815,,,,,,0.00330033,,,,,,,,0.011551155,0.001650165,,,,,0.021452145,,0.008250825,,,,,,,,,,,,,,0.00660066,,,,,,,,0.001650165,,,,0.00660066,,,,,0.00990099,,0.004950495,,,,0.00330033,,,,,,,,,,,,,,,,,,,,,,,,,0.018151815,,,,,,,,,,,,,,,,,,,,,,0.001650165,,0.008250825,,,,,,,0.02310231,,,,,,,,,,,,,,,,,0.00330033,0.001650165,,,0.004950495,
S17295_2014,,,,,,0.001620746,,,,0.679092382,,,0.160453809,,,0.003241491,,,,,0.022690438,,,0.001620746,,,,,,0.003241491,,,,,,,,,0.001620746,,,0.001620746,,,,,0.001620746,0.003241491,,,,,,,,,,0.001620746,,,,,,,,,,,,,,,0.017828201,,,,,,,0.02917342,,,0.003241491,,,,,,,,,,,,,,,,,,0.01458671,,0.001620746,,,,,,,,,,,,,,,,,,,,,,,,,,,,,,,,,,,,,,,,,,,,0.004862237,,,,,,,,,,,,,,,,,,0.006482982,,,,,,,,,,,,,0.003241491,,,0.006482982
S17342_2015,0.01,,0.006666667,,,,,,,0.171666667,0.31,,0.131666667,,,0.006666667,,,,,,,0.006666667,,,0.085,,,,,,,,,,,,,,,,0.001666667,0.018333333,0.005,0.01,,,,,,,,,,,,,0.001666667,,,,,,,,,,,,,,,,,0.001666667,0.003333333,,0.041666667,,0.003333333,,,,,,,,,,,0.003333333,0.003333333,,,,0.003333333,,,,0.006666667,0.01,,0.01,,,,,,,,,,0.003333333,,,,,,,,,,,,0.026666667,,,,,0.001666667,,,,,,,,,,,,0.005,,0.001666667,,,,,,,0.04,0.001666667,,,,0.063333333,,0.001666667,,,,,,,,,,,,,,,,,,,,,,,
S17398_2012,,,,,,0.020864382,,,0.002980626,0.017883756,,,0.005961252,,,,,,,,,,0.485842027,0.388971684,,,,,,,,,,,,0.001490313,,,,,,,,,,0.001490313,,,,0.053651267,0.002980626,,,,,,,,,,,,,0.005961252,,,,,,,0.001490313,,,,,,,,,0.002980626,,,,,,,,0.001490313,,,,,,,,,,,,,,,,,,,,,,,,,,,,,,,,,,,,,,,,,,,,,,,,,,,,,,,,,,,,,,,,,,,,,,,0.001490313,,,,,,,,,,,,,,,,,,,,,0.001490313,
S17565_2014,,,,,,0.016155089,,,,0.311793215,,0.001615509,0.56542811,,,,,,,,,,0.001615509,0.003231018,,,,,,0.001615509,,,,,,,,,,,,0.003231018,,,,,,0.004846527,,,,0.008077544,,,,,,0.011308562,,,,,,0.001615509,,,,,,,0.003231018,,,,,,,,,0.004846527,,,,,0.003231018,,0.003231018,,,,0.001615509,,,,,,,,,,,,,,,,,,,,,,,,,,,,,,0.003231018,,,,,,,,,,,,,,,,,,0.006462036,,,,,,,,0.001615509,0.008077544,,,,0.004846527,,0.003231018,,,,,,,,,,,,,,,,,,,,,,,,,,,
S17568_2014,,,,,,0.009345794,,,,0.102803738,,,0.764797508,,,,,,,,,,,0.003115265,,,,,,0.007788162,,,,,0.003115265,,,,,,,,,,,,,0.001557632,,0.001557632,0.001557632,0.015576324,0.003115265,,,,0.001557632,0.003115265,,,,,,0.00623053,,,,,,,0.001557632,,,0.00623053,,,,,0.001557632,0.003115265,,,,,,,,0.007788162,,,,,,,,,,,0.003115265,,,,,,,,,,,,,,,,,,0.014018692,,,,0.003115265,,,,,,,,,,,,,,,,,,0.00623053,,,,,,,,,0.001557632,,,,,,0.003115265,,,,,0.009345794,,,,,,,,,,,0.001557632,,,,,,,0.001557632,0.003115265,,,
S17816_2014,,,,,,,,,,0.036465638,,,0.007012623,,,,,,,,,,,,,,,,,0.001402525,,,,,,,,,0.001402525,,0.001402525,0.001402525,,,,0.043478261,,,,0.002805049,,0.014025245,,,0.004207574,,,,,,,,,,,,,,,,,,,0.001402525,,0.002805049,,,,0.007012623,,,,,,,,0.002805049,,0.001402525,0.028050491,,0.001402525,,,,,,,,,,,,,,,,,,,,,,,,,,,,0.001402525,,,,,,,,,,,,,,,,,,,,,,,,,,,0.241234222,,,,,,0.440392707,,,,,,,,,,,,,,,,,,,,,,,,,,,0.011220196
S17852_2014,,,,,,,,,,0.0224,,0.0032,,,,,,,,,0.0112,,,,,,,,,0.0032,,,,,,,,,,,,,,,,,,,0.0848,0.0432,,0.056,0.0064,0.4352,0.0208,,,0.0032,,,,,,,,,,,,,,,,,,,,,,0.0256,,,,,,,,,,,,,0.0032,,,,,,0.0016,,,,,,,,,,,,,,,,,,,,,,,,,,,,,,,0.0016,,,,,,,,,,,,,,,,,0.1296,0.0096,,,,,,,,,,,,,,,,,0.0016,,,,,0.0016,,,,,,,,,,,
S18158_2012,0.005181347,,,,,0.002590674,,,,0.033678756,0.005181347,,0.129533679,,,,,,,,,,0.274611399,0.07253886,,,,,,,,,,,,,,,,,,0.028497409,,,,,,,,0.005181347,,,,,,,,0.062176166,,,0.002590674,,0.002590674,0.007772021,,,,,,,,,,0.015544041,,,,,,0.007772021,,,,,,,,,,,,0.002590674,,,0.005181347,,,,,,,,,,,,,,,0.002590674,,0.007772021,,,,,,,,,,0.007772021,,,,0.005181347,,,,,,,,,,,,,,,,0.005181347,0.007772021,,,,,,,,,0.069948187,,,,0.186528497,,0.012953368,,0.002590674,,,,,,,,,,,,,,,,,,,,,
S18159_2012,,,,,,0.001574803,,,,0.036220472,0.012598425,,0.77480315,,,,0.004724409,,,,,0.001574803,0.001574803,0.040944882,,,,,,,,,,,,0.003149606,,,,,,0.006299213,,0.004724409,,,,,0.006299213,,,,,,,,,0.003149606,,,,,,,,,,0.05511811,,,,,,,,,,,,,,,,,0.003149606,,,0.001574803,,,,0.009448819,,,,,,,,,,,0.004724409,0.001574803,,,,,,,,,,,,,,,,,,,,,,,,,,,,,,,,0.001574803,,0.001574803,,,,,,,,,,,,,,,,,,0.009448819,,0.009448819,,,,,,,,,,,,,,,,,,,,,,,
S18463_2013,0.101666667,,,,,,0.003333333,,,0.018333333,,,0.175,,,0.053333333,,,0.001666667,,,0.003333333,0.001666667,0.023333333,,,,,,,0.018333333,,,,,,0.01,,,,,,,0.003333333,,0.098333333,,,,,,,,,,,,0.021666667,,,,,,,,,0.008333333,,,,,,,,,,,,,,,,,,,,0.003333333,,,,0.003333333,0.016666667,0.003333333,,0.006666667,,,,,,0.008333333,,0.026666667,0.006666667,,,,,,,0.016666667,,,,,,,,,0.003333333,0.001666667,,0.018333333,,0.086666667,,,0.003333333,,,,,,,,,,,,,,,0.008333333,,0.018333333,,,,,,0.16,0.013333333,,,,0.003333333,,0.018333333,,,,0.005,,,,,,,,,,,,,,,,,,,0.003333333
S18874_2015,,,,,,0.01980198,,,,0.275577558,0.011551155,,0.48679868,,,,,,,,,,,0.01650165,,0.077557756,,,,,,,,,,,,,,,,0.01980198,0.00330033,0.018151815,,,,0.00330033,,,,,,,,,,,,,,,,0.004950495,,,,,,,,,,,0.001650165,,,0.00330033,,0.001650165,,,,,,,,,,,,0.00330033,,,,,,,,,0.004950495,,0.001650165,0.00330033,,,,,,,,,,,,,,,0.001650165,,,,,,0.001650165,,,,,,,,,,,,,,,,,,,,,,,,,,,,,,,0.034653465,,,,,,,,,,,,,,,,,,,0.001650165,,,,,,0.001650165
S18875_2015,,,,,,,,,,0.006430868,0.779742765,,0.003215434,,,0.001607717,,,,,,,,0.012861736,0.001607717,0.081993569,,,,,,,,,,,,,,,,0.008038585,,,,,,,,,,,,,,,,,,,,,,,,,0.004823151,,,,,,,,,,,,,,,,,,,,,,,,,,,0.001607717,,,,0.001607717,,,,,0.006430868,,,,,,,,,,,,,,,,,,,,,,0.067524116,,,,,,,,,,,,,,,,,,,,,,,,,,0.003215434,,,,,0.014469453,,0.003215434,,,,,,,,,,,,,,,,,,,,,,,
S18876_2015,0.016666667,,,,,,,,,0.371666667,,,0.305,,,0.005,,,,,,,,0.023333333,,0.111666667,,,,,,,,,,,,,,,,,,0.003333333,0.016666667,,,0.003333333,,,,,,,,,,0.011666667,,,,,,0.02,,,,,,,,,,,,,,,,0.008333333,,,0.001666667,0.001666667,,,,,,,0.003333333,,,,,,,,0.001666667,,,,0.005,,,,,,,0.006666667,,,,,,,,,0.003333333,,0.003333333,,,,0.003333333,,,0.005,,0.003333333,,,,,,,,,,,,,,0.003333333,,,,0.001666667,0.028333333,,0.003333333,,,,,0.003333333,,0.003333333,,,,,,,,,0.006666667,,0.003333333,,,,,,0.01,,,,,,
S18877_2015,,,0.003333333,,,,,,0.001666667,0.51,,,0.411666667,,,,,,,,,,,0.01,,0.026666667,,,,,,,0.001666667,,,,,,,,,,,0.006666667,,,,,,,,,,,,,,0.008333333,,,,,,,,,,,,,,,,0.013333333,,,,,,0.003333333,,,,,,,,,,,,,,,,,,,,,,,,,,,,,,,,,,,,,,0.003333333,,,,,,,,,,,,,,,,,,,,,,,,,,,,,,,,,,,,,,,,,,,,,,,,,,,,,,,,,,,,,,,
S18881_2015,0.045901639,,,,,0.001639344,,,,0.073770492,0.008196721,,0.018032787,,,,0.001639344,,,,,,,,,0.032786885,,0.001639344,,,,,,,,,,,,,,,,0.032786885,0.001639344,,,,,,,,,,,0.062295082,0.02295082,0.019672131,0.001639344,,,,,0.003278689,,,,,,,,,,0.02295082,,0.185245902,,,,0.039344262,,,,,,,,,,,,,,0.01147541,,,,,0.01147541,,0.027868852,,0.003278689,,,,,0.001639344,,,0.003278689,,,,,,,0.004918033,0.004918033,,0.003278689,0.072131148,,,0.137704918,,,0.040983607,,0.003278689,,,,,,,,,,,,,,,,,,,,,,,,,,0.039344262,,0.026229508,,,,,,,0.001639344,0.001639344,,,0.001639344,,0.001639344,,,,0.01147541,,,,,,
S18882_2015,,,,,,,,,,0.58677686,,,,,,,,,,,,,,,,,,,,,,,,,,,,,,,,,,,0.021487603,,,,,,,0.004958678,,,,,,0.019834711,,,,,,,,,,,,,,,,,,0.003305785,,,,0.01322314,,,0.01322314,,,,,0.269421488,,0.001652893,0.014876033,,,,,,,,,,,,,,,,,,,,,,,,,,,,,,,,,,,,,0.003305785,,0.00661157,,,,,,,,,,,,,,,,,,0.011570248,0.021487603,,,,,,,,,,,,,,,,,,,,,,,,,,,,,,,,
S18883_2015,,,,,,0.048013245,,,,0.761589404,0.031456954,,0.074503311,,,,,,,,,,,,,0.001655629,,0.001655629,,,,,,,,,,,,,,0.006622517,,0.006622517,,,,0.008278146,,,,,,,,,,0.003311258,0.006622517,,,,,0.008278146,0.001655629,,,,,,,,,,,,,0.003311258,,,,,,,,,,,,,,,,,,,,,0.001655629,,,,,,,,,0.003311258,,,,,,,,,,,,,,,,,,,,,,,,,,,,,,0.003311258,,,,,,,,,,0.001655629,,,,,,,,,0.006622517,,,,,,,,,,,,,,,,,,0.011589404,,,,,,0.003311258
S18884_2015,,,,,,0.01,,,,0.088333333,0.69,,0.045,,,,,,,,,,,0.001666667,,0.003333333,,,,,,,,,,,,,,,,0.003333333,,0.016666667,,,,,,,,,,,,,,0.005,0.006666667,,,,,0.003333333,,,,,,,,,,0.003333333,,0.016666667,,,,0.02,,,0.005,,,,,,,,,,,,,,,,,,0.008333333,,,,,,,,,,,,0.001666667,,,,,0.001666667,0.005,,0.005,0.02,,,0.021666667,,,,,,,,,,,,,,,,,,,,,,,,,,,,,,,0.013333333,,0.005,,,,,,,,,,,,,,,,,,,,,,,
